CaseID,URL
20190206009001,https://imagedelivery.net/7Ynb8cGuaNFDfUq5ec13tQ/7b048854-1797-4f04-9b94-b5223fc20200/public
20190126009001,https://imagedelivery.net/7Ynb8cGuaNFDfUq5ec13tQ/ab285837-3ba8-462b-cb81-4846b9fcc300/public
20190107000001,https://imagedelivery.net/7Ynb8cGuaNFDfUq5ec13tQ/49216e81-318c-4721-cf1e-8bcc0d156200/public
20190110000001,https://imagedelivery.net/7Ynb8cGuaNFDfUq5ec13tQ/dabd81d0-329d-4139-428f-393b86775a00/public
20190110014001,https://imagedelivery.net/7Ynb8cGuaNFDfUq5ec13tQ/e46daf52-0290-4d54-a121-389c57534400/public
20190214000001,https://imagedelivery.net/7Ynb8cGuaNFDfUq5ec13tQ/77e1d4f8-e00c-476f-43e6-d9c38890f200/public
20190228015001,https://imagedelivery.net/7Ynb8cGuaNFDfUq5ec13tQ/837703d2-3720-4445-37ff-3b8256a30700/public
20190227000001,https://imagedelivery.net/7Ynb8cGuaNFDfUq5ec13tQ/2f6fd377-c2d4-466e-449b-85a77da88500/public
20190210009001,https://imagedelivery.net/7Ynb8cGuaNFDfUq5ec13tQ/73c2530e-06cd-4aa7-d1cd-f61c41a01f00/public
20190226009001,https://imagedelivery.net/7Ynb8cGuaNFDfUq5ec13tQ/1d430e5e-cbf9-4c3a-1a25-c1f9ca7b0200/public
20190306015001,https://imagedelivery.net/7Ynb8cGuaNFDfUq5ec13tQ/448cd373-cce5-4bfd-f28a-5892dd6e1300/public
20190308000001,https://imagedelivery.net/7Ynb8cGuaNFDfUq5ec13tQ/bd0a654a-c4de-40eb-88f6-1a99f3be6f00/public
20190312015001,https://imagedelivery.net/7Ynb8cGuaNFDfUq5ec13tQ/92ef7568-7077-4d62-4c36-733f7ef09a00/public
20190323000001,https://imagedelivery.net/7Ynb8cGuaNFDfUq5ec13tQ/eaa413b1-3e03-400b-0888-8549928a7400/public
20190324000001,https://imagedelivery.net/7Ynb8cGuaNFDfUq5ec13tQ/321df64f-7fb1-4284-e1ba-c797e7fce800/public
20190326009001,https://imagedelivery.net/7Ynb8cGuaNFDfUq5ec13tQ/46fc4881-417d-4077-2b24-1d0b9e01ad00/public
20190411015001,https://imagedelivery.net/7Ynb8cGuaNFDfUq5ec13tQ/af894ca4-cee6-4e96-79ee-c8f1e2480f00/public
20190403000001,https://imagedelivery.net/7Ynb8cGuaNFDfUq5ec13tQ/f4d815af-d1e1-4d5d-6094-deaa5ba40700/public
20190410000001,https://imagedelivery.net/7Ynb8cGuaNFDfUq5ec13tQ/49e11615-7b23-4ee2-fda3-de99dde3cd00/public
20190410000002,https://imagedelivery.net/7Ynb8cGuaNFDfUq5ec13tQ/fbfc09bf-e150-4f40-e4df-c528cdfc8a00/public
20190414000001,https://imagedelivery.net/7Ynb8cGuaNFDfUq5ec13tQ/667c6d73-db0b-4e16-1b85-4f458785ac00/public
20190414000002,https://imagedelivery.net/7Ynb8cGuaNFDfUq5ec13tQ/69762452-d924-4b45-b764-260b326f8b00/public
20190502000001,https://imagedelivery.net/7Ynb8cGuaNFDfUq5ec13tQ/7505f62f-6a67-4e98-db1e-4e09ea9a0c00/public
20190502015001,https://imagedelivery.net/7Ynb8cGuaNFDfUq5ec13tQ/e336de85-0e54-42a2-0b87-1d568ec11e00/public
20190504000001,https://imagedelivery.net/7Ynb8cGuaNFDfUq5ec13tQ/830a722b-9b15-41b3-a861-7c572bd42200/public
20190504000002,https://imagedelivery.net/7Ynb8cGuaNFDfUq5ec13tQ/74633a6d-da92-4f4b-f884-2a82bbfa8e00/public
20190513000001,https://imagedelivery.net/7Ynb8cGuaNFDfUq5ec13tQ/9b24b966-ea44-4d75-71cb-1308a4fece00/public
20190508000001,https://imagedelivery.net/7Ynb8cGuaNFDfUq5ec13tQ/fdc512fe-0bee-459c-8675-05ded24fd600/public
20190515009001,https://imagedelivery.net/7Ynb8cGuaNFDfUq5ec13tQ/15c47ec8-80c0-406d-40c3-554f45fd8900/public
20190518000001,https://imagedelivery.net/7Ynb8cGuaNFDfUq5ec13tQ/b4bcab5f-6955-42aa-d16e-528322001300/public
20190522009001,https://imagedelivery.net/7Ynb8cGuaNFDfUq5ec13tQ/83cba7e6-7bc8-40ad-10b1-f9c7303de400/public
20190529009001,https://imagedelivery.net/7Ynb8cGuaNFDfUq5ec13tQ/7f11fc9f-7d9d-4dd3-61bb-8207eb47d200/public
20190524000001,https://imagedelivery.net/7Ynb8cGuaNFDfUq5ec13tQ/dc8b0312-a370-4c90-296c-27bcf88eff00/public
20190608000001,https://imagedelivery.net/7Ynb8cGuaNFDfUq5ec13tQ/adf05373-5f98-478e-36ac-d209d1592b00/public
20190613000001,https://imagedelivery.net/7Ynb8cGuaNFDfUq5ec13tQ/f9c075dc-943d-41b7-a4d3-9325984af400/public
20190612000001,https://imagedelivery.net/7Ynb8cGuaNFDfUq5ec13tQ/bb354f7c-62a9-499e-e11f-defc511da700/public
20190611000001,https://imagedelivery.net/7Ynb8cGuaNFDfUq5ec13tQ/2d9652a6-8121-4096-589e-265c29f31e00/public
20190616009001,https://imagedelivery.net/7Ynb8cGuaNFDfUq5ec13tQ/e4fe1f49-3f2a-4464-8af9-06710abf0600/public
20190619000001,https://imagedelivery.net/7Ynb8cGuaNFDfUq5ec13tQ/6455a8b8-ba87-421d-597c-78a251bf3800/public
20190620000001,https://imagedelivery.net/7Ynb8cGuaNFDfUq5ec13tQ/5e4bcefa-5ff7-4d92-5f18-5c74a77d2000/public
20190623000001,https://imagedelivery.net/7Ynb8cGuaNFDfUq5ec13tQ/13a1f02e-7233-4436-7699-c1649ba28000/public
20190626000001,https://imagedelivery.net/7Ynb8cGuaNFDfUq5ec13tQ/4cc1168a-bad8-4300-e435-394314945b00/public
20190702000001,https://imagedelivery.net/7Ynb8cGuaNFDfUq5ec13tQ/b5d202ec-b60c-4bfd-df21-2a60fb7c0600/public
20190629000001,https://imagedelivery.net/7Ynb8cGuaNFDfUq5ec13tQ/44f2c2dd-cc6b-498a-9c58-10a7d4e3fd00/public
20190701000001,https://imagedelivery.net/7Ynb8cGuaNFDfUq5ec13tQ/8d17ba4a-bce1-4f03-4651-0a9f50f4e800/public
20190708009001,https://imagedelivery.net/7Ynb8cGuaNFDfUq5ec13tQ/1ca4901d-0ab1-43e6-e541-9eaa63a39e00/public
20190627000001,https://imagedelivery.net/7Ynb8cGuaNFDfUq5ec13tQ/842e5a89-c0a2-48c5-f358-1fb2e637cd00/public
20190712000001,https://imagedelivery.net/7Ynb8cGuaNFDfUq5ec13tQ/886426c0-941a-484c-865b-6dc8b3850c00/public
20190716009001,https://imagedelivery.net/7Ynb8cGuaNFDfUq5ec13tQ/fbbd621a-2d28-4224-98ea-5aa35eafb200/public
20190710000001,https://imagedelivery.net/7Ynb8cGuaNFDfUq5ec13tQ/1d4ed7c0-e205-4c87-0f80-0a4f1a72ac00/public
20190715000001,https://imagedelivery.net/7Ynb8cGuaNFDfUq5ec13tQ/752e5b13-88b3-44fa-07ab-2a407cf6b300/public
20190717000001,https://imagedelivery.net/7Ynb8cGuaNFDfUq5ec13tQ/240fa461-8b0c-4159-2a00-09ee9cacdb00/public
20190720000001,https://imagedelivery.net/7Ynb8cGuaNFDfUq5ec13tQ/2648ed7c-b33b-4544-0aba-f504eb60d000/public
20190804000001,https://imagedelivery.net/7Ynb8cGuaNFDfUq5ec13tQ/880df2c5-d015-48a0-7f3d-d5d0f9826900/public
20190721000001,https://imagedelivery.net/7Ynb8cGuaNFDfUq5ec13tQ/d6513759-e1c4-4fc5-19bf-5375b1f9c400/public
20190723011001,https://imagedelivery.net/7Ynb8cGuaNFDfUq5ec13tQ/63b2043d-e862-4fc5-b5ea-94694cddba00/public
20190721000002,https://imagedelivery.net/7Ynb8cGuaNFDfUq5ec13tQ/af32319e-c817-4660-9f4d-ce4e71704f00/public
20190809009002,https://imagedelivery.net/7Ynb8cGuaNFDfUq5ec13tQ/713d43ec-0fa8-4546-8f23-e46df12c7d00/public
20190812009001,https://imagedelivery.net/7Ynb8cGuaNFDfUq5ec13tQ/4253aa55-cce0-4fbf-6d5a-7bdbab866500/public
20190807000001,https://imagedelivery.net/7Ynb8cGuaNFDfUq5ec13tQ/25aec4ae-e664-4729-2f1d-e16aaec8d000/public
20190809009001,https://imagedelivery.net/7Ynb8cGuaNFDfUq5ec13tQ/711336c0-8d51-4023-9839-f0f1895db500/public
20190810000001,https://imagedelivery.net/7Ynb8cGuaNFDfUq5ec13tQ/5b6386ba-470f-46ed-f7a3-2d1ccd8d9300/public
20190813009001,https://imagedelivery.net/7Ynb8cGuaNFDfUq5ec13tQ/4d1f9c08-480e-41bb-8446-0d4e83127c00/public
20190822000001,https://imagedelivery.net/7Ynb8cGuaNFDfUq5ec13tQ/76ae6d02-c134-40f3-040a-a938b29f5100/public
20190905000001,https://imagedelivery.net/7Ynb8cGuaNFDfUq5ec13tQ/b0f83604-cd1b-4b9a-e44c-24e52b336a00/public
20190909000001,https://imagedelivery.net/7Ynb8cGuaNFDfUq5ec13tQ/7bbb6304-26c4-4ebb-59ee-e2a1756ebf00/public
20190826000001,https://imagedelivery.net/7Ynb8cGuaNFDfUq5ec13tQ/fd3981ec-4f52-41a6-6760-7cf8fd6e5700/public
20190914009001,https://imagedelivery.net/7Ynb8cGuaNFDfUq5ec13tQ/5807cf10-fcc4-4d18-7971-997e5837c400/public
20190916016001,https://imagedelivery.net/7Ynb8cGuaNFDfUq5ec13tQ/66150ef5-b7bc-4649-9dcc-250b0f219e00/public
20190919002001,https://imagedelivery.net/7Ynb8cGuaNFDfUq5ec13tQ/2ad54d40-fa9f-4a0b-0289-b45bb3bd3000/public
20190927000001,https://imagedelivery.net/7Ynb8cGuaNFDfUq5ec13tQ/14a622ba-6cc8-4000-cc07-2884082d2c00/public
20191003000001,https://imagedelivery.net/7Ynb8cGuaNFDfUq5ec13tQ/a1e04b54-d698-4c87-2044-da3fb73f4600/public
20191010009001,https://imagedelivery.net/7Ynb8cGuaNFDfUq5ec13tQ/7ae7c40e-d83d-4c92-62d8-c821b0b92000/public
20191012004001,https://imagedelivery.net/7Ynb8cGuaNFDfUq5ec13tQ/ed278978-bb1e-4138-eb52-3f6a985bf300/public
20191012011001,https://imagedelivery.net/7Ynb8cGuaNFDfUq5ec13tQ/26c5f76d-f215-43a3-d822-7e1da6d7c200/public
20191011011001,https://imagedelivery.net/7Ynb8cGuaNFDfUq5ec13tQ/12ffd49c-1625-49c6-9414-59e3ac3e0d00/public
20191014009001,https://imagedelivery.net/7Ynb8cGuaNFDfUq5ec13tQ/15e2fbf7-bc1a-49f2-f49b-58d8e1a02a00/public
20191017004001,https://imagedelivery.net/7Ynb8cGuaNFDfUq5ec13tQ/00f20ef8-e474-4839-241f-8577c351b600/public
20191016009001,https://imagedelivery.net/7Ynb8cGuaNFDfUq5ec13tQ/afd28719-bed2-4d9a-7acb-63d53e99e900/public
20191018009001,https://imagedelivery.net/7Ynb8cGuaNFDfUq5ec13tQ/6e85c6f4-1226-4017-6d67-9eb33721e600/public
20191019009001,https://imagedelivery.net/7Ynb8cGuaNFDfUq5ec13tQ/0909b6a6-e1da-4fd5-debe-ca0d6737c200/public
20191026004001,https://imagedelivery.net/7Ynb8cGuaNFDfUq5ec13tQ/ea2cfe6e-a15e-48ce-82c8-668473163900/public
20191027004001,https://imagedelivery.net/7Ynb8cGuaNFDfUq5ec13tQ/30266e96-1349-4284-0d30-0b4334cd0800/public
20191028004001,https://imagedelivery.net/7Ynb8cGuaNFDfUq5ec13tQ/9886ae56-4726-49c0-c95b-a477a168d000/public
20191028009001,https://imagedelivery.net/7Ynb8cGuaNFDfUq5ec13tQ/bbc86a6b-2370-4331-3376-db14b686c400/public
20191028009002,https://imagedelivery.net/7Ynb8cGuaNFDfUq5ec13tQ/623c01c6-ffd5-4c80-d176-1b04c4ca9600/public
20191029004001,https://imagedelivery.net/7Ynb8cGuaNFDfUq5ec13tQ/b56d4485-81c5-4618-47cb-3af6bbe5a600/public
20191104009001,https://imagedelivery.net/7Ynb8cGuaNFDfUq5ec13tQ/a8ba9271-15d8-4996-76f8-c190dcfcc800/public
20191107004001,https://imagedelivery.net/7Ynb8cGuaNFDfUq5ec13tQ/fa95a011-adca-4f9d-a5c0-0df7df79e300/public
20191107004002,https://imagedelivery.net/7Ynb8cGuaNFDfUq5ec13tQ/61a03190-1520-4e66-5c7c-87f55cd71700/public
20191109004001,https://imagedelivery.net/7Ynb8cGuaNFDfUq5ec13tQ/31369e8b-8912-4c0a-f28b-51b48f8d7200/public
20191110004001,https://imagedelivery.net/7Ynb8cGuaNFDfUq5ec13tQ/c1d25188-0513-4807-fde4-e2d85e7b8000/public
20191118004001,https://imagedelivery.net/7Ynb8cGuaNFDfUq5ec13tQ/db28bace-ce31-4a3a-91bb-1649364c2400/public
20191119015001,https://imagedelivery.net/7Ynb8cGuaNFDfUq5ec13tQ/a6b6ed69-375f-48d2-5ddc-25a2003e5500/public
20191122011001,https://imagedelivery.net/7Ynb8cGuaNFDfUq5ec13tQ/655aa89c-43bb-4c29-39a0-18b86e7be600/public
20191125004001,https://imagedelivery.net/7Ynb8cGuaNFDfUq5ec13tQ/e52d8d37-cede-4ff3-6dfc-13b4bbe70f00/public
20191208004001,https://imagedelivery.net/7Ynb8cGuaNFDfUq5ec13tQ/67d1759d-2eb3-4197-44a8-f959ffb4b100/public
20191213004001,https://imagedelivery.net/7Ynb8cGuaNFDfUq5ec13tQ/2ea5c5bd-978c-4bdf-f4d2-82e343c55000/public
20191129004001,https://imagedelivery.net/7Ynb8cGuaNFDfUq5ec13tQ/c7e91ab2-6fea-46e4-abaf-efb8c5014c00/public
20191219004001,https://imagedelivery.net/7Ynb8cGuaNFDfUq5ec13tQ/2dd3af52-1330-4a86-ff69-1b79f8228400/public
20191219011001,https://imagedelivery.net/7Ynb8cGuaNFDfUq5ec13tQ/3ffa3229-bdde-47ce-845b-7315bf470600/public
20191220011001,https://imagedelivery.net/7Ynb8cGuaNFDfUq5ec13tQ/82e2f891-32dc-4d3b-d312-6d7eeb215a00/public
20191227004001,https://imagedelivery.net/7Ynb8cGuaNFDfUq5ec13tQ/88b26ca0-8076-4917-ee25-114b58d32300/public
20191220009001,https://imagedelivery.net/7Ynb8cGuaNFDfUq5ec13tQ/0c943b88-43de-427a-1a5c-92b88dd6f900/public
20200112004001,https://imagedelivery.net/7Ynb8cGuaNFDfUq5ec13tQ/7765e486-c1b4-4bbe-47dc-f23984fa5700/public
20200113011001,https://imagedelivery.net/7Ynb8cGuaNFDfUq5ec13tQ/229cb7f2-7ab0-4c96-ed3f-58fa8383ba00/public
20200108011001,https://imagedelivery.net/7Ynb8cGuaNFDfUq5ec13tQ/3749fa6f-031b-4ae5-e772-ae3f6fdfd700/public
20200107009001,https://imagedelivery.net/7Ynb8cGuaNFDfUq5ec13tQ/cf29449e-ed7c-4583-ad07-2a584f882200/public
20200102004001,https://imagedelivery.net/7Ynb8cGuaNFDfUq5ec13tQ/e446cb56-987c-4464-f3a3-584df8990200/public
20200121011001,https://imagedelivery.net/7Ynb8cGuaNFDfUq5ec13tQ/4abb87ef-9943-4422-30c0-3fae17995700/public
20200121011002,https://imagedelivery.net/7Ynb8cGuaNFDfUq5ec13tQ/59778198-b28d-45a6-60f6-bbc1c4df9f00/public
20200114011001,https://imagedelivery.net/7Ynb8cGuaNFDfUq5ec13tQ/c761cd7e-62b9-4626-74c6-b581e03f6700/public
20200114014001,https://imagedelivery.net/7Ynb8cGuaNFDfUq5ec13tQ/8590f5f7-33a5-495b-3060-bebf97399300/public
20200125004001,https://imagedelivery.net/7Ynb8cGuaNFDfUq5ec13tQ/cd19c283-5c42-452a-777a-bdd768dca100/public
20200128009001,https://imagedelivery.net/7Ynb8cGuaNFDfUq5ec13tQ/82e0136c-7ab8-4c29-d453-79450d9d2300/public
20200131004001,https://imagedelivery.net/7Ynb8cGuaNFDfUq5ec13tQ/5ebb8c9b-0803-42b3-4568-bc428fb6c900/public
20200129004001,https://imagedelivery.net/7Ynb8cGuaNFDfUq5ec13tQ/a0dd5316-f467-41c3-e6c6-7c0ad0ba7100/public
20200205004001,https://imagedelivery.net/7Ynb8cGuaNFDfUq5ec13tQ/6a79cdc7-33cd-420e-cec1-7a0178c58100/public
20200209004001,https://imagedelivery.net/7Ynb8cGuaNFDfUq5ec13tQ/cf19e963-108c-43ef-f237-480ce4f50000/public
20200212009001,https://imagedelivery.net/7Ynb8cGuaNFDfUq5ec13tQ/415594da-00f2-426f-95aa-25785cb41100/public
20200214009001,https://imagedelivery.net/7Ynb8cGuaNFDfUq5ec13tQ/5e5d40dd-b200-4a63-faad-65504e132900/public
20200221011001,https://imagedelivery.net/7Ynb8cGuaNFDfUq5ec13tQ/414c0406-3eb4-4c56-4500-9fa25f492a00/public
20200226011001,https://imagedelivery.net/7Ynb8cGuaNFDfUq5ec13tQ/6dfefc1e-702e-4bdc-a50a-733905dae700/public
20200226009001,https://imagedelivery.net/7Ynb8cGuaNFDfUq5ec13tQ/5a5b388d-316b-4282-a1f9-2eec493d9100/public
20200310009001,https://imagedelivery.net/7Ynb8cGuaNFDfUq5ec13tQ/7223571e-2a13-4972-79a3-3d8e2f63a500/public
20200226011002,https://imagedelivery.net/7Ynb8cGuaNFDfUq5ec13tQ/878894e1-b44f-4a5b-b21a-9fc24d673200/public
20200530000001,https://imagedelivery.net/7Ynb8cGuaNFDfUq5ec13tQ/591bbe08-092f-4ad7-35a2-67a5e57e0100/public
20200601004001,https://imagedelivery.net/7Ynb8cGuaNFDfUq5ec13tQ/d28c82e3-d13f-4813-12b6-42ff9df31800/public
20200615009001,https://imagedelivery.net/7Ynb8cGuaNFDfUq5ec13tQ/dca868b4-b4df-43d7-ffb5-ccf5c0cdc500/public
20200725004001,https://imagedelivery.net/7Ynb8cGuaNFDfUq5ec13tQ/b978e4c4-685d-44fc-9914-70154aea6200/public
20200804004001,https://imagedelivery.net/7Ynb8cGuaNFDfUq5ec13tQ/87700a2f-fc96-47e8-f5fa-627f32d15e00/public
20200709009001,https://imagedelivery.net/7Ynb8cGuaNFDfUq5ec13tQ/bf1cf662-f927-4ff0-79e3-1193572f8a00/public
20200714011001,https://imagedelivery.net/7Ynb8cGuaNFDfUq5ec13tQ/b12c393e-38a0-4e81-07f3-75896fc86600/public
20200806011001,https://imagedelivery.net/7Ynb8cGuaNFDfUq5ec13tQ/b16d34cb-7fd1-484e-db62-052e069b3700/public
20200905009001,https://imagedelivery.net/7Ynb8cGuaNFDfUq5ec13tQ/70bbb692-15fa-48ea-4189-e31e96f8bc00/public
20200809004001,https://imagedelivery.net/7Ynb8cGuaNFDfUq5ec13tQ/a7219789-a6dd-4a30-0bd6-ce6a30ecd600/public
20200820011001,https://imagedelivery.net/7Ynb8cGuaNFDfUq5ec13tQ/8cd054f5-1490-44f7-9381-03f5a2426800/public
20200815004001,https://imagedelivery.net/7Ynb8cGuaNFDfUq5ec13tQ/5b58b48a-9162-4c11-4b14-c35f7dea0c00/public
20201009004001,https://imagedelivery.net/7Ynb8cGuaNFDfUq5ec13tQ/1a59c59c-b4a5-4db5-4a25-a1c695f26900/public
20200916004001,https://imagedelivery.net/7Ynb8cGuaNFDfUq5ec13tQ/94d70ff6-43a2-4993-0868-d3c442c81800/public
20200916011001,https://imagedelivery.net/7Ynb8cGuaNFDfUq5ec13tQ/de27eba3-3960-4014-3eb7-957a37ff9200/public
20201006011001,https://imagedelivery.net/7Ynb8cGuaNFDfUq5ec13tQ/1c3e1b5e-4a75-4439-9be4-5ae87e1db000/public
20201024004001,https://imagedelivery.net/7Ynb8cGuaNFDfUq5ec13tQ/17fa9b5d-da13-450f-fea1-7fc073bfa600/public
20201025004001,https://imagedelivery.net/7Ynb8cGuaNFDfUq5ec13tQ/9bb154b6-534d-4558-b40b-24effcf8c600/public
20201218009001,https://imagedelivery.net/7Ynb8cGuaNFDfUq5ec13tQ/b9ee66eb-0297-47b8-2c39-195e65089800/public
20201219000001,https://imagedelivery.net/7Ynb8cGuaNFDfUq5ec13tQ/92959bac-b5c9-479c-6e1f-0a302166ea00/public
20201202015001,https://imagedelivery.net/7Ynb8cGuaNFDfUq5ec13tQ/60ba940a-72b1-4ff7-8236-6ee73660e300/public
20201229009001,https://imagedelivery.net/7Ynb8cGuaNFDfUq5ec13tQ/81df1938-2365-43c4-f5ed-43e4df23df00/public
20210122009001,https://imagedelivery.net/7Ynb8cGuaNFDfUq5ec13tQ/31373561-4301-4b9d-a7db-3a821f4b8d00/public
20210121004001,https://imagedelivery.net/7Ynb8cGuaNFDfUq5ec13tQ/7d1060fd-ae1c-4977-901c-d9a579f11d00/public
20210209004001,https://imagedelivery.net/7Ynb8cGuaNFDfUq5ec13tQ/e74ecdcf-8542-4648-6160-b3056b38f000/public
20210113009001,https://imagedelivery.net/7Ynb8cGuaNFDfUq5ec13tQ/97a51157-ad1d-4cbf-ab47-0cf32aa1be00/public
20210113004001,https://imagedelivery.net/7Ynb8cGuaNFDfUq5ec13tQ/f635fbe6-a068-4fd5-506b-579f1a5f5300/public
20210211000001,https://imagedelivery.net/7Ynb8cGuaNFDfUq5ec13tQ/03543c8f-6664-4cea-11dd-ee694df31200/public
20210211011001,https://imagedelivery.net/7Ynb8cGuaNFDfUq5ec13tQ/d04302f1-1541-4140-55ff-9a341dfcbb00/public
20210217009001,https://imagedelivery.net/7Ynb8cGuaNFDfUq5ec13tQ/5f4aff51-066a-48e2-5b24-fd7f6ddad500/public
20210225009002,https://imagedelivery.net/7Ynb8cGuaNFDfUq5ec13tQ/e0c8f875-5d9a-46c9-ef0f-00eddbf4b600/public
20210216009001,https://imagedelivery.net/7Ynb8cGuaNFDfUq5ec13tQ/93eae728-44af-400d-8034-e30268de8000/public
20210225009001,https://imagedelivery.net/7Ynb8cGuaNFDfUq5ec13tQ/9631a9a8-3281-4fe1-f0f6-e86931948d00/public
20210225004001,https://imagedelivery.net/7Ynb8cGuaNFDfUq5ec13tQ/1fabf215-6426-41a6-dbf5-400ee311d800/public
20210305009001,https://imagedelivery.net/7Ynb8cGuaNFDfUq5ec13tQ/2bbdb1b3-1471-4cf3-1360-856d5f4ca300/public
20210309004001,https://imagedelivery.net/7Ynb8cGuaNFDfUq5ec13tQ/e6f0e299-156d-47fa-0793-e58de5c15b00/public
20210312004001,https://imagedelivery.net/7Ynb8cGuaNFDfUq5ec13tQ/76086813-53ab-45e2-4391-12868e318c00/public
20210318011001,https://imagedelivery.net/7Ynb8cGuaNFDfUq5ec13tQ/ebfcf4fb-2960-4068-0add-4093ee4e7c00/public
20210324009001,https://imagedelivery.net/7Ynb8cGuaNFDfUq5ec13tQ/b3ed0698-06e2-448d-32bf-f3450408ee00/public
20210327004001,https://imagedelivery.net/7Ynb8cGuaNFDfUq5ec13tQ/95977b8c-8732-461c-7a07-839266356100/public
20210329004001,https://imagedelivery.net/7Ynb8cGuaNFDfUq5ec13tQ/f90046d7-5943-4f26-db61-45b15a3fe100/public
20210330009001,https://imagedelivery.net/7Ynb8cGuaNFDfUq5ec13tQ/bfd6d62a-b803-4218-0fef-c2c7c9825100/public
20210331009001,https://imagedelivery.net/7Ynb8cGuaNFDfUq5ec13tQ/70759a7f-6fd9-4aab-09bf-e9048a37d600/public
20210330004001,https://imagedelivery.net/7Ynb8cGuaNFDfUq5ec13tQ/fd5d332f-2170-4cdc-802e-b001ef98bc00/public
20210414015001,https://imagedelivery.net/7Ynb8cGuaNFDfUq5ec13tQ/5d011448-ac92-4598-9997-c63872f1df00/public
20210418009001,https://imagedelivery.net/7Ynb8cGuaNFDfUq5ec13tQ/428fce0f-5da4-4053-95d0-fe140a050f00/public
20210417009001,https://imagedelivery.net/7Ynb8cGuaNFDfUq5ec13tQ/44be8f9c-9a3c-47f4-8ebc-53d3f0347900/public
20210404009001,https://imagedelivery.net/7Ynb8cGuaNFDfUq5ec13tQ/a28cece0-09da-4969-3bea-aa80abc04f00/public
20210421004001,https://imagedelivery.net/7Ynb8cGuaNFDfUq5ec13tQ/fb6bee3b-3b5b-42ee-0b11-cbfcb45cb300/public
20210517004001,https://imagedelivery.net/7Ynb8cGuaNFDfUq5ec13tQ/68460f5b-3fac-40dd-c8ea-66f83d540b00/public
20210511011001,https://imagedelivery.net/7Ynb8cGuaNFDfUq5ec13tQ/0748438e-3697-4074-7b16-3eb56abf1400/public
20210531004001,https://imagedelivery.net/7Ynb8cGuaNFDfUq5ec13tQ/0b51279a-5944-42e7-d509-4b42c681bd00/public
20210511004001,https://imagedelivery.net/7Ynb8cGuaNFDfUq5ec13tQ/d8c48f2c-8070-4d3e-0b93-76e25f5fcb00/public
20210602009001,https://imagedelivery.net/7Ynb8cGuaNFDfUq5ec13tQ/5a8d6033-fa86-46e9-d4fd-c8ce27702300/public
20210523009001,https://imagedelivery.net/7Ynb8cGuaNFDfUq5ec13tQ/a44f7857-4980-4697-00e0-173088333000/public
20210602009002,https://imagedelivery.net/7Ynb8cGuaNFDfUq5ec13tQ/88b19bb0-60c0-4ea2-baa9-4d2ebb239d00/public
20210319009001,https://imagedelivery.net/7Ynb8cGuaNFDfUq5ec13tQ/a64826d4-8040-4313-d085-c2341d24eb00/public
20210603009001,https://imagedelivery.net/7Ynb8cGuaNFDfUq5ec13tQ/9285a8fc-2450-45dc-33a5-7d8fb03df600/public
20210611009001,https://imagedelivery.net/7Ynb8cGuaNFDfUq5ec13tQ/26e9633b-91a7-445a-6a5d-543034c14500/public
20210616009001,https://imagedelivery.net/7Ynb8cGuaNFDfUq5ec13tQ/2e54e348-8794-497a-6157-2164516d2500/public
20210625009001,https://imagedelivery.net/7Ynb8cGuaNFDfUq5ec13tQ/15b1f496-d282-484f-6dc9-760396591e00/public
20210604009001,https://imagedelivery.net/7Ynb8cGuaNFDfUq5ec13tQ/77fd9f13-8cb1-42ef-9859-d885ae4f8b00/public
20210626009001,https://imagedelivery.net/7Ynb8cGuaNFDfUq5ec13tQ/0c8a6ae2-b351-40d2-bcc4-ba9757e8a000/public
20210708012001,https://imagedelivery.net/7Ynb8cGuaNFDfUq5ec13tQ/2d6a2315-28be-48e5-f17d-339b2a938800/public
20210701004001,https://imagedelivery.net/7Ynb8cGuaNFDfUq5ec13tQ/de9a373c-1584-4991-2d5d-1ecc4100e100/public
20210701012001,https://imagedelivery.net/7Ynb8cGuaNFDfUq5ec13tQ/ec892eab-29df-4fc3-ac9b-79e2748afb00/public
20210629000001,https://imagedelivery.net/7Ynb8cGuaNFDfUq5ec13tQ/c2c8a1d0-ae05-48b4-b7e1-c1641c84ed00/public
20210709009001,https://imagedelivery.net/7Ynb8cGuaNFDfUq5ec13tQ/68cc9348-8d9c-478f-1cc9-98a8bf1e9100/public
20210710004001,https://imagedelivery.net/7Ynb8cGuaNFDfUq5ec13tQ/52a52fc7-a573-4fb6-fdad-7944f7a0c100/public
20210713011001,https://imagedelivery.net/7Ynb8cGuaNFDfUq5ec13tQ/22ffac37-fc0a-4156-3a2c-52d6a98e2d00/public
20210712009001,https://imagedelivery.net/7Ynb8cGuaNFDfUq5ec13tQ/c9108412-d007-4a7d-85ac-e59dfdceb700/public
20210715004001,https://imagedelivery.net/7Ynb8cGuaNFDfUq5ec13tQ/0f7d4deb-ac90-459d-8b5e-4c51932cfd00/public
20210716000001,https://imagedelivery.net/7Ynb8cGuaNFDfUq5ec13tQ/7395f23a-610c-4cc2-9b2b-90e7b821d300/public
20210726004001,https://imagedelivery.net/7Ynb8cGuaNFDfUq5ec13tQ/09680f19-bdea-4e5f-767a-15a05dfd8800/public
20210802004001,https://imagedelivery.net/7Ynb8cGuaNFDfUq5ec13tQ/8830f3c1-f781-4f8d-8ff4-fdeb2ced8400/public
20210714009001,https://imagedelivery.net/7Ynb8cGuaNFDfUq5ec13tQ/327ba842-f4f7-4f29-c3b1-3f7df1ec8300/public
20210805009001,https://imagedelivery.net/7Ynb8cGuaNFDfUq5ec13tQ/5262b474-0449-4161-145a-5a3da903a600/public
20210801009001,https://imagedelivery.net/7Ynb8cGuaNFDfUq5ec13tQ/f004b44b-bf43-4a29-33c4-0cc7304c9300/public
20210819002001,https://imagedelivery.net/7Ynb8cGuaNFDfUq5ec13tQ/2d6eb5ad-b8f9-4a52-e0c2-02a7ad686e00/public
20210813009001,https://imagedelivery.net/7Ynb8cGuaNFDfUq5ec13tQ/f9d51819-0ef4-4f61-9141-26354979e800/public
20210814009001,https://imagedelivery.net/7Ynb8cGuaNFDfUq5ec13tQ/6cb5506b-1cb5-46c3-37fc-ca719d8f9e00/public
20210821009001,https://imagedelivery.net/7Ynb8cGuaNFDfUq5ec13tQ/d0189335-1567-4ffa-6107-b2bb68fa4d00/public
20210823002001,https://imagedelivery.net/7Ynb8cGuaNFDfUq5ec13tQ/cc747547-c07e-44a6-6787-43b4418e6e00/public
20210827009001,https://imagedelivery.net/7Ynb8cGuaNFDfUq5ec13tQ/d3aeba15-3fd3-440e-4087-16b7428c0c00/public
20210831009001,https://imagedelivery.net/7Ynb8cGuaNFDfUq5ec13tQ/024c8ea7-0631-4e12-5d10-486be22be000/public
20210830004001,https://imagedelivery.net/7Ynb8cGuaNFDfUq5ec13tQ/dbbbf1dd-c35d-4fc3-f13a-cbd7d003df00/public
20210831009002,https://imagedelivery.net/7Ynb8cGuaNFDfUq5ec13tQ/2d869e7a-d1ca-4879-0631-0b6e2e187e00/public
20210828004001,https://imagedelivery.net/7Ynb8cGuaNFDfUq5ec13tQ/25268ddd-05cb-40a4-3f3b-38466e38ee00/public
20210902009001,https://imagedelivery.net/7Ynb8cGuaNFDfUq5ec13tQ/05a8a443-adcb-470e-712e-2709391adf00/public
20210902011001,https://imagedelivery.net/7Ynb8cGuaNFDfUq5ec13tQ/f97819d1-d595-4149-4c7e-7c03d2287600/public
20210916009001,https://imagedelivery.net/7Ynb8cGuaNFDfUq5ec13tQ/5ae6cc3d-4e3d-4be1-2474-0fa0759b7c00/public
20210917009001,https://imagedelivery.net/7Ynb8cGuaNFDfUq5ec13tQ/6d18a85d-ab37-4716-a5e2-ab79f5e82000/public
20210917009002,https://imagedelivery.net/7Ynb8cGuaNFDfUq5ec13tQ/2df90b4b-6db2-4e5b-ca37-4ac58dc64e00/public
20210921011001,https://imagedelivery.net/7Ynb8cGuaNFDfUq5ec13tQ/4458ee16-9f30-4800-8a5e-945a9c1c8200/public
20210925004001,https://imagedelivery.net/7Ynb8cGuaNFDfUq5ec13tQ/77508f41-9731-4e35-11a9-0736e13d2900/public
20210927002001,https://imagedelivery.net/7Ynb8cGuaNFDfUq5ec13tQ/627b8a87-87d1-462d-36f7-c60f0e70d600/public
20210922009001,https://imagedelivery.net/7Ynb8cGuaNFDfUq5ec13tQ/934eaf57-5ccc-440e-5e13-effaeffe7900/public
20211001009001,https://imagedelivery.net/7Ynb8cGuaNFDfUq5ec13tQ/4d29d06e-b6c6-4f80-f139-bdd32e091600/public
20211002004001,https://imagedelivery.net/7Ynb8cGuaNFDfUq5ec13tQ/e900b422-ddb2-4c1a-819b-b4dbc751a000/public
20211008009002,https://imagedelivery.net/7Ynb8cGuaNFDfUq5ec13tQ/823cd77f-2264-4750-5f5e-35c9a57d1900/public
20211008009001,https://imagedelivery.net/7Ynb8cGuaNFDfUq5ec13tQ/13d2c330-2afd-473b-7efc-a7a7f3f6e700/public
20211018009001,https://imagedelivery.net/7Ynb8cGuaNFDfUq5ec13tQ/9b9cf1d2-a0a2-4bd8-c85d-13b59ce14400/public
20211007009001,https://imagedelivery.net/7Ynb8cGuaNFDfUq5ec13tQ/3749b1f4-3f98-425c-dfcf-6538618de900/public
20211019009001,https://imagedelivery.net/7Ynb8cGuaNFDfUq5ec13tQ/05b45a86-fc3d-4180-9168-53afa528c100/public
20211021009001,https://imagedelivery.net/7Ynb8cGuaNFDfUq5ec13tQ/5bbdf616-13a9-48bc-affc-a7805e7b2500/public
20211019012001,https://imagedelivery.net/7Ynb8cGuaNFDfUq5ec13tQ/0b5d4de5-d3ca-472f-2861-004dde269d00/public
20211021011001,https://imagedelivery.net/7Ynb8cGuaNFDfUq5ec13tQ/a6e1d211-bfc2-422c-8377-1cba4fb84100/public
20211027009001,https://imagedelivery.net/7Ynb8cGuaNFDfUq5ec13tQ/97065e15-da04-4e71-0c7a-145a4f25d700/public
20211028000001,https://imagedelivery.net/7Ynb8cGuaNFDfUq5ec13tQ/5fa8b1b9-7e51-4538-ad34-f586e5c5f500/public
20211028009001,https://imagedelivery.net/7Ynb8cGuaNFDfUq5ec13tQ/65704695-7a30-4e88-746f-5efa75211400/public
20211103000001,https://imagedelivery.net/7Ynb8cGuaNFDfUq5ec13tQ/f65bd25e-1038-49a7-8a7a-5ff9d2030900/public
20211106009002,https://imagedelivery.net/7Ynb8cGuaNFDfUq5ec13tQ/a7a94281-2c9a-4ae2-0be4-23f0df213e00/public
20211104009001,https://imagedelivery.net/7Ynb8cGuaNFDfUq5ec13tQ/b4b21da5-fb3a-47bb-c912-cbe960f43700/public
20211103011001,https://imagedelivery.net/7Ynb8cGuaNFDfUq5ec13tQ/609f13fc-1eed-46d1-cf86-8a949e67b100/public
20211106009001,https://imagedelivery.net/7Ynb8cGuaNFDfUq5ec13tQ/3fb3b4ce-e708-469c-a8d2-85d0b031ab00/public
20211114004001,https://imagedelivery.net/7Ynb8cGuaNFDfUq5ec13tQ/d535ce73-1567-40e3-0249-889b48dc5a00/public
20211111002001,https://imagedelivery.net/7Ynb8cGuaNFDfUq5ec13tQ/c686bd85-a2b8-4d2c-faef-94a6ebd02400/public
20211112009001,https://imagedelivery.net/7Ynb8cGuaNFDfUq5ec13tQ/c1f445a2-126e-4282-df02-764700f1e600/public
20211115004001,https://imagedelivery.net/7Ynb8cGuaNFDfUq5ec13tQ/cf2f8346-271d-4ec3-e6cf-c7c3bd73b100/public
20211113004001,https://imagedelivery.net/7Ynb8cGuaNFDfUq5ec13tQ/b244338a-9f84-4bd5-5a9b-ecd435cd9e00/public
20211115009001,https://imagedelivery.net/7Ynb8cGuaNFDfUq5ec13tQ/ca43448d-ec0e-4154-40cf-4fb943f2ba00/public
20211126009001,https://imagedelivery.net/7Ynb8cGuaNFDfUq5ec13tQ/30244399-2c00-403e-a6d3-d9c6e218a100/public
20211125009001,https://imagedelivery.net/7Ynb8cGuaNFDfUq5ec13tQ/76d67528-1501-45d1-83ea-40775d815900/public
20211120009001,https://imagedelivery.net/7Ynb8cGuaNFDfUq5ec13tQ/7c7c3b38-d192-4128-bfec-0c506948b300/public
20211121004001,https://imagedelivery.net/7Ynb8cGuaNFDfUq5ec13tQ/372ec74d-a26f-4e2b-16ee-e5ca90c0fa00/public
20211130009001,https://imagedelivery.net/7Ynb8cGuaNFDfUq5ec13tQ/4ebb3746-53b0-4118-c5be-e927b0788d00/public
20211128009001,https://imagedelivery.net/7Ynb8cGuaNFDfUq5ec13tQ/78564578-e881-43ae-fcb5-8f3164162e00/public
20211201004002,https://imagedelivery.net/7Ynb8cGuaNFDfUq5ec13tQ/6ed4004f-61d7-45e4-46cd-840515258f00/public
20211203009001,https://imagedelivery.net/7Ynb8cGuaNFDfUq5ec13tQ/c506ca84-b3ee-44d4-1667-a99420133c00/public
20211201004001,https://imagedelivery.net/7Ynb8cGuaNFDfUq5ec13tQ/ab01d7b8-74f6-4d3e-83df-c06ebb339200/public
20211204009001,https://imagedelivery.net/7Ynb8cGuaNFDfUq5ec13tQ/f840cb01-0f4c-45ae-f147-c8356ebc3300/public
20211206002001,https://imagedelivery.net/7Ynb8cGuaNFDfUq5ec13tQ/d89817ec-55dd-4830-b38d-fb744737e500/public
20211207009001,https://imagedelivery.net/7Ynb8cGuaNFDfUq5ec13tQ/57616a22-7168-4cf9-aff7-7f7137c40f00/public
20211208011001,https://imagedelivery.net/7Ynb8cGuaNFDfUq5ec13tQ/76cbc07f-85b8-40e9-3b97-1aabb08c4c00/public
20211211004001,https://imagedelivery.net/7Ynb8cGuaNFDfUq5ec13tQ/078c9acb-4b9b-4cd8-ebca-371710e27d00/public
20211211009001,https://imagedelivery.net/7Ynb8cGuaNFDfUq5ec13tQ/ade8fc0f-a744-4646-562f-53a8e2d33300/public
20211219009001,https://imagedelivery.net/7Ynb8cGuaNFDfUq5ec13tQ/5f8d586e-032e-4c74-7162-dfd95e169300/public
20211226004001,https://imagedelivery.net/7Ynb8cGuaNFDfUq5ec13tQ/3600d38c-4b75-4570-acb5-d2adab9df800/public
20211222009001,https://imagedelivery.net/7Ynb8cGuaNFDfUq5ec13tQ/053c15ec-291c-49d8-61b9-c0626b3e8d00/public
20220103009001,https://imagedelivery.net/7Ynb8cGuaNFDfUq5ec13tQ/984b5ac2-2115-42a2-f4d8-1f2871b16700/public
20220111011001,https://imagedelivery.net/7Ynb8cGuaNFDfUq5ec13tQ/dc3d7205-7430-4607-2ed9-b373dc0e5b00/public
20220106009001,https://imagedelivery.net/7Ynb8cGuaNFDfUq5ec13tQ/77cd339a-c95e-43b6-26d4-2021a69af500/public
20220101009001,https://imagedelivery.net/7Ynb8cGuaNFDfUq5ec13tQ/10e98b7c-49de-4a48-3dbc-96dabff07400/public
20220104011001,https://imagedelivery.net/7Ynb8cGuaNFDfUq5ec13tQ/c5c6a4bb-7ae3-44fd-dba3-c14b75739c00/public
20220120009001,https://imagedelivery.net/7Ynb8cGuaNFDfUq5ec13tQ/a37ebf34-6a0f-48f6-3a88-e6a5667cd800/public
20220120009002,https://imagedelivery.net/7Ynb8cGuaNFDfUq5ec13tQ/cbdfc182-6500-470b-6309-7d4659387200/public
20220118009001,https://imagedelivery.net/7Ynb8cGuaNFDfUq5ec13tQ/4cfb0f9b-3f66-47bb-00d2-38c1eed90100/public
20220116011001,https://imagedelivery.net/7Ynb8cGuaNFDfUq5ec13tQ/1877fa4d-0198-478f-e674-4affaec5d000/public
20220122009001,https://imagedelivery.net/7Ynb8cGuaNFDfUq5ec13tQ/5a6ab29c-015b-41bf-4f66-fa7d045a4d00/public
20220128009002,https://imagedelivery.net/7Ynb8cGuaNFDfUq5ec13tQ/76e0ae66-1729-4c39-c956-f6e7d6f1b400/public
20220129004001,https://imagedelivery.net/7Ynb8cGuaNFDfUq5ec13tQ/5ef399c8-cffb-4ace-1ee8-f9d421092d00/public
20220201009001,https://imagedelivery.net/7Ynb8cGuaNFDfUq5ec13tQ/60ceeaa2-994f-47e7-4a9e-283edeaea100/public
20220126004001,https://imagedelivery.net/7Ynb8cGuaNFDfUq5ec13tQ/3ffc2318-5580-4287-ad4c-7139d6b86d00/public
20220128009001,https://imagedelivery.net/7Ynb8cGuaNFDfUq5ec13tQ/638431ab-992e-455b-9ce1-588c2125ba00/public
20220205011001,https://imagedelivery.net/7Ynb8cGuaNFDfUq5ec13tQ/20a68084-3dbf-4886-16af-2a72f6b53400/public
20220204009001,https://imagedelivery.net/7Ynb8cGuaNFDfUq5ec13tQ/34d2292d-081a-4a5f-b9a9-beda4cc57300/public
20220206009001,https://imagedelivery.net/7Ynb8cGuaNFDfUq5ec13tQ/edd27a6b-d134-44b2-62fb-096545eaf600/public
20220208009001,https://imagedelivery.net/7Ynb8cGuaNFDfUq5ec13tQ/699dd0ad-65fd-4085-3d48-d8fe427aaf00/public
20220206011001,https://imagedelivery.net/7Ynb8cGuaNFDfUq5ec13tQ/2daf6c3c-14a6-4286-856f-f3f8b3c44300/public
20220209009001,https://imagedelivery.net/7Ynb8cGuaNFDfUq5ec13tQ/1332a451-951b-4fc6-4de7-51367993eb00/public
20220209009002,https://imagedelivery.net/7Ynb8cGuaNFDfUq5ec13tQ/53511b73-96b3-41d1-5643-9fc1b4f34f00/public
20220210009001,https://imagedelivery.net/7Ynb8cGuaNFDfUq5ec13tQ/7db02987-ed8e-464a-6895-823dabd6b200/public
20220211004001,https://imagedelivery.net/7Ynb8cGuaNFDfUq5ec13tQ/ca60d052-5c88-4d9b-7e04-e3e5afa7ec00/public
20220211009002,https://imagedelivery.net/7Ynb8cGuaNFDfUq5ec13tQ/6f33994e-31f0-46c1-33ca-52f5d39d5200/public
20220211009001,https://imagedelivery.net/7Ynb8cGuaNFDfUq5ec13tQ/f16a660f-deb0-46b5-80e0-a13641259300/public
20220217002001,https://imagedelivery.net/7Ynb8cGuaNFDfUq5ec13tQ/05749693-a85d-43fc-4706-9a4a83120000/public
20220214009001,https://imagedelivery.net/7Ynb8cGuaNFDfUq5ec13tQ/32761617-fe42-46e3-bb87-da4f9676a000/public
20220219004001,https://imagedelivery.net/7Ynb8cGuaNFDfUq5ec13tQ/6139d65a-66fa-4b7f-ef6b-4ec26fa5f200/public
20220219009001,https://imagedelivery.net/7Ynb8cGuaNFDfUq5ec13tQ/559a8474-c592-4c2b-76b6-be1a71937f00/public
20220222002001,https://imagedelivery.net/7Ynb8cGuaNFDfUq5ec13tQ/6a7c23b6-709d-4821-3e55-35d22acdce00/public
20220228009001,https://imagedelivery.net/7Ynb8cGuaNFDfUq5ec13tQ/f6935a37-c572-4c9e-02c7-a5ba2b89ea00/public
20220228009002,https://imagedelivery.net/7Ynb8cGuaNFDfUq5ec13tQ/27fd6dc6-76a2-4ac2-6f17-b7dd5af51c00/public
20220306009001,https://imagedelivery.net/7Ynb8cGuaNFDfUq5ec13tQ/319efac5-5800-49d9-b87d-660c3a1d6400/public
20220307009001,https://imagedelivery.net/7Ynb8cGuaNFDfUq5ec13tQ/7e79fca9-3fcd-43a4-6b98-862ac0d9f100/public
20220315002001,https://imagedelivery.net/7Ynb8cGuaNFDfUq5ec13tQ/4e9dd774-07a2-465f-fd75-ffbd4fe49900/public
20220309009001,https://imagedelivery.net/7Ynb8cGuaNFDfUq5ec13tQ/de501e9b-2d97-46a6-ba2c-4447db3abc00/public
20220322011001,https://imagedelivery.net/7Ynb8cGuaNFDfUq5ec13tQ/ffe8bd9e-d3df-4b94-1ada-5c8bd0571e00/public
20220311009001,https://imagedelivery.net/7Ynb8cGuaNFDfUq5ec13tQ/2208563d-26be-477e-d296-49f729e82200/public
20220315004001,https://imagedelivery.net/7Ynb8cGuaNFDfUq5ec13tQ/9729e208-f89b-4213-b6fc-8cb1938b7700/public
20220324004001,https://imagedelivery.net/7Ynb8cGuaNFDfUq5ec13tQ/ddcb6499-8b71-4a9d-1d7a-3b99e7a2f000/public
20220326009001,https://imagedelivery.net/7Ynb8cGuaNFDfUq5ec13tQ/17ce064b-84d7-4839-dcea-5d6f28af9700/public
20220326004001,https://imagedelivery.net/7Ynb8cGuaNFDfUq5ec13tQ/f4e19e31-ec9d-4a19-0206-3c9d3f580000/public
20220328000001,https://imagedelivery.net/7Ynb8cGuaNFDfUq5ec13tQ/4f84cb68-bf9c-44d9-2882-776856765a00/public
20220329004001,https://imagedelivery.net/7Ynb8cGuaNFDfUq5ec13tQ/6f5e369d-c15f-46d3-8022-34dc58746800/public
20220329011001,https://imagedelivery.net/7Ynb8cGuaNFDfUq5ec13tQ/fa00c366-1ba9-4656-d36b-ff3ad3679b00/public
20220331009001,https://imagedelivery.net/7Ynb8cGuaNFDfUq5ec13tQ/8fb5977f-2995-4050-13fb-e650c2b45900/public
20220401004001,https://imagedelivery.net/7Ynb8cGuaNFDfUq5ec13tQ/d57de66f-1f9d-449c-5527-3debdc1ac500/public
20220405009001,https://imagedelivery.net/7Ynb8cGuaNFDfUq5ec13tQ/a6c0401d-c243-4e09-a446-e3d6a65b9000/public
20220406011001,https://imagedelivery.net/7Ynb8cGuaNFDfUq5ec13tQ/d8280092-a572-4f8d-cafa-1af4d5829000/public
20220409004001,https://imagedelivery.net/7Ynb8cGuaNFDfUq5ec13tQ/e3598a95-8cb9-43cf-b26f-02f23387d400/public
20220401009001,https://imagedelivery.net/7Ynb8cGuaNFDfUq5ec13tQ/5750621f-15af-4490-f9ca-0f7cd147a500/public
20220411000001,https://imagedelivery.net/7Ynb8cGuaNFDfUq5ec13tQ/8d91745e-20c0-4f78-73f5-c74e6d5c3100/public
20220408009001,https://imagedelivery.net/7Ynb8cGuaNFDfUq5ec13tQ/1db92a50-8819-4a86-163b-93d9d71ac500/public
20220411009001,https://imagedelivery.net/7Ynb8cGuaNFDfUq5ec13tQ/af85a14c-3b65-4b3e-d827-f813045d1700/public
20220413009001,https://imagedelivery.net/7Ynb8cGuaNFDfUq5ec13tQ/8fa81302-9a6b-4af7-ee3d-f1025bc7a500/public
20220416004001,https://imagedelivery.net/7Ynb8cGuaNFDfUq5ec13tQ/09cfd9cd-d554-47cb-f68e-4faf03267f00/public
20220417004001,https://imagedelivery.net/7Ynb8cGuaNFDfUq5ec13tQ/99f46e89-53a3-43bb-08ce-2001e6097f00/public
20220418009001,https://imagedelivery.net/7Ynb8cGuaNFDfUq5ec13tQ/2d6173ab-ffe7-4e12-7c3c-dc5560b69c00/public
20220418009002,https://imagedelivery.net/7Ynb8cGuaNFDfUq5ec13tQ/eb37ce40-7b47-4702-62f9-9da7ded3ec00/public
20220422011001,https://imagedelivery.net/7Ynb8cGuaNFDfUq5ec13tQ/dc06e7cf-2af3-4690-8042-6bd7e6250800/public
20220424004001,https://imagedelivery.net/7Ynb8cGuaNFDfUq5ec13tQ/300aa4e6-ae72-49b0-bf0f-db32149e5700/public
20220424009001,https://imagedelivery.net/7Ynb8cGuaNFDfUq5ec13tQ/943a1fb7-0685-4ab7-fc7a-3db172724800/public
20220426009001,https://imagedelivery.net/7Ynb8cGuaNFDfUq5ec13tQ/58a2b0e2-f4b5-4934-07f0-d92154a49800/public
20220425004001,https://imagedelivery.net/7Ynb8cGuaNFDfUq5ec13tQ/90c63e31-4a62-4028-c26f-7fe8d5cf1700/public
20220429009001,https://imagedelivery.net/7Ynb8cGuaNFDfUq5ec13tQ/617b070a-4d13-4ff0-4e2f-5245b5f40100/public
20220430009001,https://imagedelivery.net/7Ynb8cGuaNFDfUq5ec13tQ/860b63e2-728b-4065-16a8-8877e108bb00/public
20220428011001,https://imagedelivery.net/7Ynb8cGuaNFDfUq5ec13tQ/a494c261-f5ee-4efe-2c7b-79b417df2b00/public
20220504009001,https://imagedelivery.net/7Ynb8cGuaNFDfUq5ec13tQ/133c1f41-9da0-45f0-27fa-6818b6b44200/public
20220511009001,https://imagedelivery.net/7Ynb8cGuaNFDfUq5ec13tQ/5713cb3f-6648-4a24-a0a3-9bcf1e3efe00/public
20220517000001,https://imagedelivery.net/7Ynb8cGuaNFDfUq5ec13tQ/63f5e255-db49-4d01-029c-07fa40a17000/public
20220517009001,https://imagedelivery.net/7Ynb8cGuaNFDfUq5ec13tQ/dd6b03cd-47cf-441d-5056-b6cf0081a000/public
20220513004001,https://imagedelivery.net/7Ynb8cGuaNFDfUq5ec13tQ/41171976-3b32-4f00-c3dc-7b3aa0bfa600/public
20220519006001,https://imagedelivery.net/7Ynb8cGuaNFDfUq5ec13tQ/55d2a19b-af97-47c0-c18e-025d9f56f300/public
20220517013001,https://imagedelivery.net/7Ynb8cGuaNFDfUq5ec13tQ/ed375d03-8e52-4b59-052e-514e47ae4a00/public
20220520011001,https://imagedelivery.net/7Ynb8cGuaNFDfUq5ec13tQ/95c1da1d-346b-4ecc-d8d8-638bd53dfa00/public
20220525004001,https://imagedelivery.net/7Ynb8cGuaNFDfUq5ec13tQ/5b5f153e-a011-489f-8c96-ece88b31b100/public
20220521009001,https://imagedelivery.net/7Ynb8cGuaNFDfUq5ec13tQ/d8bd2011-278e-4da6-5210-da27a93e8400/public
20220527009001,https://imagedelivery.net/7Ynb8cGuaNFDfUq5ec13tQ/4c31e4bd-f1c4-4ebb-39dc-587cafa17100/public
20220531011001,https://imagedelivery.net/7Ynb8cGuaNFDfUq5ec13tQ/8f0193e8-c010-41c8-1ebd-1622ae032900/public
20220601009001,https://imagedelivery.net/7Ynb8cGuaNFDfUq5ec13tQ/4bd4e8fd-7ead-4699-6471-b1829fe82600/public
20220601011002,https://imagedelivery.net/7Ynb8cGuaNFDfUq5ec13tQ/22429671-a370-46fc-d247-7ba0da45a600/public
20220601011001,https://imagedelivery.net/7Ynb8cGuaNFDfUq5ec13tQ/dda7c1fc-9ef1-4f4a-de9b-8a94f6777100/public
20220602004001,https://imagedelivery.net/7Ynb8cGuaNFDfUq5ec13tQ/d8302cf7-d40f-4ab6-d59b-f63e32eed400/public
20220605009001,https://imagedelivery.net/7Ynb8cGuaNFDfUq5ec13tQ/234c7739-cb40-4581-3b1e-70e63477bd00/public
20220603004001,https://imagedelivery.net/7Ynb8cGuaNFDfUq5ec13tQ/17b364f8-d5a1-41e3-1e5f-033631f3e200/public
20220611011001,https://imagedelivery.net/7Ynb8cGuaNFDfUq5ec13tQ/5ee9a658-f7cf-4b5c-1899-79e1c3841800/public
20220608011001,https://imagedelivery.net/7Ynb8cGuaNFDfUq5ec13tQ/16a34fce-f590-427c-87db-c7f593861500/public
20220614002001,https://imagedelivery.net/7Ynb8cGuaNFDfUq5ec13tQ/c53a9681-1232-4ad6-05e8-746c5c274b00/public
20220617004001,https://imagedelivery.net/7Ynb8cGuaNFDfUq5ec13tQ/50a2598a-8755-48b7-358e-a6883dc84600/public
20220621009001,https://imagedelivery.net/7Ynb8cGuaNFDfUq5ec13tQ/c0adc92e-9b6a-4f75-3660-f8ffb8bf7400/public
20220629004001,https://imagedelivery.net/7Ynb8cGuaNFDfUq5ec13tQ/88eb95ea-b8bc-4067-facd-c5d9722ec200/public
20220628011001,https://imagedelivery.net/7Ynb8cGuaNFDfUq5ec13tQ/22a17981-b94d-421c-c867-25b4aee26f00/public
20220702009001,https://imagedelivery.net/7Ynb8cGuaNFDfUq5ec13tQ/8ef9c0f9-dfaf-4a2e-36cc-633979c33400/public
20220702009002,https://imagedelivery.net/7Ynb8cGuaNFDfUq5ec13tQ/02495b03-0b9e-4083-d7b9-877588debf00/public
20220703009001,https://imagedelivery.net/7Ynb8cGuaNFDfUq5ec13tQ/16c0129c-d8ae-4255-34c3-73d3375c0d00/public
20220701009001,https://imagedelivery.net/7Ynb8cGuaNFDfUq5ec13tQ/09c6d840-e9b6-4ac3-af8e-7aff39b98c00/public
20220705009001,https://imagedelivery.net/7Ynb8cGuaNFDfUq5ec13tQ/5f7004e1-ec1b-42af-f239-b4b3a5a14100/public
20220708011001,https://imagedelivery.net/7Ynb8cGuaNFDfUq5ec13tQ/2625ee89-a338-4474-9a3b-c2827b8d7200/public
20220718004001,https://imagedelivery.net/7Ynb8cGuaNFDfUq5ec13tQ/8a6b46ef-0b45-4684-5c12-c52b29ae4f00/public
20220714004001,https://imagedelivery.net/7Ynb8cGuaNFDfUq5ec13tQ/d7728eff-1fdf-4628-f98d-458789e22f00/public
20220722011001,https://imagedelivery.net/7Ynb8cGuaNFDfUq5ec13tQ/990ce542-e7f1-4793-8e1e-aa4d91239f00/public
20220802004001,https://imagedelivery.net/7Ynb8cGuaNFDfUq5ec13tQ/478b128f-ced1-4081-35a2-95f843d97e00/public
20220724009001,https://imagedelivery.net/7Ynb8cGuaNFDfUq5ec13tQ/165aa484-567f-4f00-cf5f-5aa5f9b15f00/public
20220808000001,https://imagedelivery.net/7Ynb8cGuaNFDfUq5ec13tQ/58f9d7ba-b692-4902-460b-0aa627f21600/public
20220716004001,https://imagedelivery.net/7Ynb8cGuaNFDfUq5ec13tQ/cb5c34fe-b779-45ce-7f67-8a843ce80500/public
20220810009001,https://imagedelivery.net/7Ynb8cGuaNFDfUq5ec13tQ/beaaa2e3-7701-4f77-ab85-b5317a936800/public
20220816004001,https://imagedelivery.net/7Ynb8cGuaNFDfUq5ec13tQ/ac15f37d-df8e-4041-c75e-b5593697ac00/public
20220813009001,https://imagedelivery.net/7Ynb8cGuaNFDfUq5ec13tQ/deda3403-7259-4f2f-4436-f92f5f1c0300/public
20220814009001,https://imagedelivery.net/7Ynb8cGuaNFDfUq5ec13tQ/f3f6980b-7bfb-4ea6-400b-8184fcf6aa00/public
20220816009001,https://imagedelivery.net/7Ynb8cGuaNFDfUq5ec13tQ/870451d4-fb56-4996-2f95-5a7547744600/public
20220816009002,https://imagedelivery.net/7Ynb8cGuaNFDfUq5ec13tQ/bed3056e-f238-4f7f-5417-6b73da518b00/public
20220823011001,https://imagedelivery.net/7Ynb8cGuaNFDfUq5ec13tQ/33a198d7-b85f-442a-32c8-7dc0dcb29f00/public
20220901004001,https://imagedelivery.net/7Ynb8cGuaNFDfUq5ec13tQ/c4a29fd6-2d02-4ba6-fb0a-5688fe5db400/public
20220830011001,https://imagedelivery.net/7Ynb8cGuaNFDfUq5ec13tQ/d325bd3c-3d35-4548-cf0f-3da66078f400/public
20220825009001,https://imagedelivery.net/7Ynb8cGuaNFDfUq5ec13tQ/3f9f53a5-a9bd-48b8-0a22-d4fa90149100/public
20220901011001,https://imagedelivery.net/7Ynb8cGuaNFDfUq5ec13tQ/1d85651f-ca5a-429d-d15a-db4921b40900/public
20220904004001,https://imagedelivery.net/7Ynb8cGuaNFDfUq5ec13tQ/838d005e-f90e-441c-86e7-d87518ed7300/public
20220910009001,https://imagedelivery.net/7Ynb8cGuaNFDfUq5ec13tQ/5b4d245b-ef05-4a8c-6ff9-13429edfaf00/public
20220905004001,https://imagedelivery.net/7Ynb8cGuaNFDfUq5ec13tQ/0a01917a-5677-4002-0422-1bca5bf85300/public
20220914011001,https://imagedelivery.net/7Ynb8cGuaNFDfUq5ec13tQ/4e982128-9172-4370-805a-658311639f00/public
20220915009001,https://imagedelivery.net/7Ynb8cGuaNFDfUq5ec13tQ/c366dd0c-3e97-4259-ce36-e26cf3f55700/public
20220917009001,https://imagedelivery.net/7Ynb8cGuaNFDfUq5ec13tQ/0387a641-1a6a-4827-0ddd-98fc96283600/public
20220922012001,https://imagedelivery.net/7Ynb8cGuaNFDfUq5ec13tQ/3b43f2cd-289a-45ad-74c1-521afa993900/public
20221007005001,https://imagedelivery.net/7Ynb8cGuaNFDfUq5ec13tQ/f8e81884-a901-4584-7e8c-1a814fb61900/public
20221010002001,https://imagedelivery.net/7Ynb8cGuaNFDfUq5ec13tQ/c5904fe9-3668-483e-ef60-e63ac2fd0c00/public
20221014011001,https://imagedelivery.net/7Ynb8cGuaNFDfUq5ec13tQ/8dc2354f-d847-43b0-7649-e5b060bef000/public
20221020002001,https://imagedelivery.net/7Ynb8cGuaNFDfUq5ec13tQ/7f206d9c-1d2a-411f-5818-3c36e6023e00/public
20221003011001,https://imagedelivery.net/7Ynb8cGuaNFDfUq5ec13tQ/408c533c-ef7e-4ee4-0aed-b4af792b8500/public
20221021009001,https://imagedelivery.net/7Ynb8cGuaNFDfUq5ec13tQ/0c83ad5c-a60e-49a2-9b6c-54da88eddf00/public
20221103009001,https://imagedelivery.net/7Ynb8cGuaNFDfUq5ec13tQ/74730757-3dce-4638-2cec-224f4a7acb00/public
20221104011001,https://imagedelivery.net/7Ynb8cGuaNFDfUq5ec13tQ/c8e1b677-d40d-4740-063c-07638ae09300/public
20221108009001,https://imagedelivery.net/7Ynb8cGuaNFDfUq5ec13tQ/beb5f8ad-066f-4771-d9e4-2559fb633200/public
20221114011001,https://imagedelivery.net/7Ynb8cGuaNFDfUq5ec13tQ/ed7f6527-a705-4e76-7532-1fa990e97800/public
20221116004001,https://imagedelivery.net/7Ynb8cGuaNFDfUq5ec13tQ/1a30a9be-3ce7-47c6-7be8-21c205a9f100/public
20221117006001,https://imagedelivery.net/7Ynb8cGuaNFDfUq5ec13tQ/c44a8717-f829-4f8d-5e76-bec52103cb00/public
20221119006001,https://imagedelivery.net/7Ynb8cGuaNFDfUq5ec13tQ/8d7cfdd0-9a0b-47fc-ca85-e08b49822200/public
20221120011001,https://imagedelivery.net/7Ynb8cGuaNFDfUq5ec13tQ/fd4cc25f-bc6a-4563-4f28-37727d493900/public
20221201009001,https://imagedelivery.net/7Ynb8cGuaNFDfUq5ec13tQ/4b155ede-5415-4fcb-8c1a-7bcdccf51300/public
20221128011001,https://imagedelivery.net/7Ynb8cGuaNFDfUq5ec13tQ/cc04d2d1-1025-4b0f-d00f-f5ecdd936c00/public
20221212009001,https://imagedelivery.net/7Ynb8cGuaNFDfUq5ec13tQ/4f391a92-ced2-4598-58ff-84717c484300/public
20221213009001,https://imagedelivery.net/7Ynb8cGuaNFDfUq5ec13tQ/59735004-0859-425f-0e5b-84d0c0ab6300/public
20221213009002,https://imagedelivery.net/7Ynb8cGuaNFDfUq5ec13tQ/44df32a0-c10e-4d35-f37d-119866034e00/public
20221214004001,https://imagedelivery.net/7Ynb8cGuaNFDfUq5ec13tQ/62de5a96-af35-4d9a-964f-dc60fb640200/public
20221218004001,https://imagedelivery.net/7Ynb8cGuaNFDfUq5ec13tQ/aa5761b2-5f79-429b-229c-e4a27c570600/public
20221217009001,https://imagedelivery.net/7Ynb8cGuaNFDfUq5ec13tQ/5a63b3b4-6890-4aa4-49ae-41cb784dcb00/public
20221221004001,https://imagedelivery.net/7Ynb8cGuaNFDfUq5ec13tQ/3a2d261f-a401-4914-c969-90fd05e1b500/public
20221220002001,https://imagedelivery.net/7Ynb8cGuaNFDfUq5ec13tQ/9acdd628-950d-4f87-8833-97a094250f00/public
20221228004001,https://imagedelivery.net/7Ynb8cGuaNFDfUq5ec13tQ/5182d890-0943-43fe-409f-a930ba039e00/public
20221229009001,https://imagedelivery.net/7Ynb8cGuaNFDfUq5ec13tQ/89064498-0f50-47d3-1978-a36e114de800/public
20230130011001,https://imagedelivery.net/7Ynb8cGuaNFDfUq5ec13tQ/390a0cbe-c5fc-43ee-2248-89b25ddf4000/public
20230122009001,https://imagedelivery.net/7Ynb8cGuaNFDfUq5ec13tQ/f65b7697-e544-4dfe-f5c7-8438c5490700/public
20230125004001,https://imagedelivery.net/7Ynb8cGuaNFDfUq5ec13tQ/9b1bec38-db6b-41e5-ccce-01685685f400/public
20230101011001,https://imagedelivery.net/7Ynb8cGuaNFDfUq5ec13tQ/3aa3ddfb-2edb-4d8c-0dab-c12bd7dc8300/public
20230202006001,https://imagedelivery.net/7Ynb8cGuaNFDfUq5ec13tQ/f800c147-d33b-4981-8c41-324ef418e400/public
20230207011001,https://imagedelivery.net/7Ynb8cGuaNFDfUq5ec13tQ/979049b2-2b93-4319-af0f-0e5757f73d00/public
20230209006001,https://imagedelivery.net/7Ynb8cGuaNFDfUq5ec13tQ/558246e0-4882-48b2-d689-b2265cd0ed00/public
20230208011001,https://imagedelivery.net/7Ynb8cGuaNFDfUq5ec13tQ/66725f62-ab3a-4ced-edb4-ce7766a92300/public
20230211011001,https://imagedelivery.net/7Ynb8cGuaNFDfUq5ec13tQ/c1320245-593b-43f6-b17f-facf101ff000/public
20230215009001,https://imagedelivery.net/7Ynb8cGuaNFDfUq5ec13tQ/465f056a-6580-4420-628e-3191f71ec500/public
20230223011001,https://imagedelivery.net/7Ynb8cGuaNFDfUq5ec13tQ/9eed83ab-98c0-466e-762a-fa15f4051300/public
20230225009001,https://imagedelivery.net/7Ynb8cGuaNFDfUq5ec13tQ/0dbdb239-0862-4b9c-2782-ee8036644100/public
20230221002001,https://imagedelivery.net/7Ynb8cGuaNFDfUq5ec13tQ/9518f4c2-22ae-4060-6156-fb4e094b3c00/public
20230303004001,https://imagedelivery.net/7Ynb8cGuaNFDfUq5ec13tQ/40a41ae7-c288-4a0b-beab-7b548220b500/public
20230306004001,https://imagedelivery.net/7Ynb8cGuaNFDfUq5ec13tQ/0fedc3b3-7ec7-41c9-8cc7-eaa8de170200/public
20230224009001,https://imagedelivery.net/7Ynb8cGuaNFDfUq5ec13tQ/14bf51be-5dc4-4cac-dabd-902396d25e00/public
20230225009002,https://imagedelivery.net/7Ynb8cGuaNFDfUq5ec13tQ/388713ef-9486-4d71-3d33-fad065c78000/public
20230309000001,https://imagedelivery.net/7Ynb8cGuaNFDfUq5ec13tQ/58d1a628-791e-4e30-2dc2-694bcf2d8700/public
20230316009001,https://imagedelivery.net/7Ynb8cGuaNFDfUq5ec13tQ/dc0c1d11-0fc7-4dc9-eff6-50c810433300/public
20230312009001,https://imagedelivery.net/7Ynb8cGuaNFDfUq5ec13tQ/444c50bf-cbef-4da2-d253-228392a2b800/public
20230316009002,https://imagedelivery.net/7Ynb8cGuaNFDfUq5ec13tQ/1f1fe6f4-bbfb-42d7-8262-a0fd6121bd00/public
20230301009001,https://imagedelivery.net/7Ynb8cGuaNFDfUq5ec13tQ/be108a1a-3451-4c60-2645-4c2875dd2600/public
20230316011001,https://imagedelivery.net/7Ynb8cGuaNFDfUq5ec13tQ/dc11de74-aac4-47f0-2c0b-6682ed82be00/public
20230320009001,https://imagedelivery.net/7Ynb8cGuaNFDfUq5ec13tQ/42744f96-1659-4ea7-f339-0c626b01ee00/public
20230320009002,https://imagedelivery.net/7Ynb8cGuaNFDfUq5ec13tQ/78edb53a-8b4c-435b-d473-b1dbc60bec00/public
20230318004001,https://imagedelivery.net/7Ynb8cGuaNFDfUq5ec13tQ/92664a0a-a850-431a-959e-7b818b8cc300/public
20230321004001,https://imagedelivery.net/7Ynb8cGuaNFDfUq5ec13tQ/f257061f-aa29-419a-57bd-3e481cf60f00/public
20230322004001,https://imagedelivery.net/7Ynb8cGuaNFDfUq5ec13tQ/9459d0c1-ee57-4b1b-814f-da648f103100/public
20230322004002,https://imagedelivery.net/7Ynb8cGuaNFDfUq5ec13tQ/fa73d6c2-30b1-4fc7-ff45-8cc4c75c1400/public
20230321004002,https://imagedelivery.net/7Ynb8cGuaNFDfUq5ec13tQ/baa06122-c87f-489a-6af7-e5efc248db00/public
20230322004003,https://imagedelivery.net/7Ynb8cGuaNFDfUq5ec13tQ/d98c0cf8-6a67-4c1c-8adf-81c8d40fa900/public
20230323004001,https://imagedelivery.net/7Ynb8cGuaNFDfUq5ec13tQ/4f33107a-cec0-4425-0cce-923c038bd500/public
20230403009001,https://imagedelivery.net/7Ynb8cGuaNFDfUq5ec13tQ/87e270d3-7814-43e9-9b62-e3510c243000/public
20230405009001,https://imagedelivery.net/7Ynb8cGuaNFDfUq5ec13tQ/b6c1d7d6-6346-4640-22ab-6ca29cd27100/public
20230406009001,https://imagedelivery.net/7Ynb8cGuaNFDfUq5ec13tQ/7fd62ec2-4d8d-40dd-660d-21d23f91c700/public
20230409004001,https://imagedelivery.net/7Ynb8cGuaNFDfUq5ec13tQ/ce3fca75-08e0-4d39-38ee-a6cb95466800/public
20230411011001,https://imagedelivery.net/7Ynb8cGuaNFDfUq5ec13tQ/37cd3b8b-e4e2-4e52-a9c2-b51707649c00/public
20230411011002,https://imagedelivery.net/7Ynb8cGuaNFDfUq5ec13tQ/8e99c509-c3eb-4ac8-f914-18a4fd04a800/public
20230421004001,https://imagedelivery.net/7Ynb8cGuaNFDfUq5ec13tQ/4017ae13-33ec-4c90-e53b-3089fbf0f300/public
20230412004001,https://imagedelivery.net/7Ynb8cGuaNFDfUq5ec13tQ/d8912c6b-38c3-48ef-1e86-1ddb67898600/public
20230412009001,https://imagedelivery.net/7Ynb8cGuaNFDfUq5ec13tQ/db4325b7-8706-4f4c-b1cb-0153e4d1da00/public
20230422004001,https://imagedelivery.net/7Ynb8cGuaNFDfUq5ec13tQ/557307be-8a40-401a-5852-5ce166694600/public
20230426006001,https://imagedelivery.net/7Ynb8cGuaNFDfUq5ec13tQ/a060c717-f9f4-483f-0e22-133bf5f26600/public
20230501000001,https://imagedelivery.net/7Ynb8cGuaNFDfUq5ec13tQ/b37a7bd3-840e-4f4e-a78a-58bd6bbe4700/public
20230428009001,https://imagedelivery.net/7Ynb8cGuaNFDfUq5ec13tQ/23793240-299e-4490-19e5-1c28a116aa00/public
20230503004001,https://imagedelivery.net/7Ynb8cGuaNFDfUq5ec13tQ/785b429e-8c18-4ff2-0502-6803b14a8a00/public
20230430009001,https://imagedelivery.net/7Ynb8cGuaNFDfUq5ec13tQ/93f18274-d173-4103-75b2-e6ab2e6eb300/public
20230501004001,https://imagedelivery.net/7Ynb8cGuaNFDfUq5ec13tQ/d75cdb6d-4812-46f8-8e49-57ca52763c00/public
20230504004001,https://imagedelivery.net/7Ynb8cGuaNFDfUq5ec13tQ/07454a60-588a-412d-2b8d-3636c7433100/public
20230503009001,https://imagedelivery.net/7Ynb8cGuaNFDfUq5ec13tQ/a505a1f8-f8d9-40e4-72f2-199cc4662000/public
20230506009001,https://imagedelivery.net/7Ynb8cGuaNFDfUq5ec13tQ/cc707276-3cbf-49da-f82e-92df07fd2700/public
20230507004001,https://imagedelivery.net/7Ynb8cGuaNFDfUq5ec13tQ/59431dc7-e013-45ac-2d91-61f9134d4300/public
20230507009001,https://imagedelivery.net/7Ynb8cGuaNFDfUq5ec13tQ/32e79452-f9c6-44f0-3d08-78050e5d3300/public
20230511002001,https://imagedelivery.net/7Ynb8cGuaNFDfUq5ec13tQ/e38cab9f-68aa-49f5-fb46-f59101fdd400/public
20230518004001,https://imagedelivery.net/7Ynb8cGuaNFDfUq5ec13tQ/336416e2-8d0c-4ff4-c414-10fd8bee7600/public
20230520011001,https://imagedelivery.net/7Ynb8cGuaNFDfUq5ec13tQ/304d668c-7cdc-45d3-eb70-c54827dc2000/public
20230521004001,https://imagedelivery.net/7Ynb8cGuaNFDfUq5ec13tQ/43203c4a-7023-4af9-e7b5-c03a77a90700/public
20230517011001,https://imagedelivery.net/7Ynb8cGuaNFDfUq5ec13tQ/35122a84-66fe-41fc-9dd3-349cc7fb7200/public
20230521009001,https://imagedelivery.net/7Ynb8cGuaNFDfUq5ec13tQ/df74f433-887d-4138-ffd9-7cdd97a41600/public
20230530006001,https://imagedelivery.net/7Ynb8cGuaNFDfUq5ec13tQ/7c965926-040b-4403-d573-474aae301800/public
20230605000001,https://imagedelivery.net/7Ynb8cGuaNFDfUq5ec13tQ/b040557c-5a5e-49b1-79c8-f0c7d9858900/public
20230601006001,https://imagedelivery.net/7Ynb8cGuaNFDfUq5ec13tQ/0aa0e9f7-1d97-42f3-e8a0-1b557d99a200/public
20230605009001,https://imagedelivery.net/7Ynb8cGuaNFDfUq5ec13tQ/d80a5c45-58d7-4729-bd6b-37ffb19dc700/public
20230608004001,https://imagedelivery.net/7Ynb8cGuaNFDfUq5ec13tQ/0496b6cf-b963-4d17-1cc9-6a5c7309e000/public
20230608010001,https://imagedelivery.net/7Ynb8cGuaNFDfUq5ec13tQ/de25fac2-f6f9-4f67-9f11-eab0650e3f00/public
20230609004001,https://imagedelivery.net/7Ynb8cGuaNFDfUq5ec13tQ/14e99e55-67f2-45ef-c76e-e3e48f6da800/public
20230609009001,https://imagedelivery.net/7Ynb8cGuaNFDfUq5ec13tQ/dcef39ef-f25a-4a1e-6bcb-6cc5fe3f9200/public
20230611009001,https://imagedelivery.net/7Ynb8cGuaNFDfUq5ec13tQ/8338ba1e-15ec-460e-da06-06c15e47cb00/public
20230615004001,https://imagedelivery.net/7Ynb8cGuaNFDfUq5ec13tQ/e1765d58-55e2-46fc-21a6-e40bb38ff100/public
20230618009001,https://imagedelivery.net/7Ynb8cGuaNFDfUq5ec13tQ/38df1312-035d-4278-8130-5123b4b41900/public
20230617004002,https://imagedelivery.net/7Ynb8cGuaNFDfUq5ec13tQ/54327041-b4a2-4e2b-7fd5-0866dad37a00/public
20230618011001,https://imagedelivery.net/7Ynb8cGuaNFDfUq5ec13tQ/ab2c6e10-7b91-412b-5e9f-97f9f5689500/public
20230617000001,https://imagedelivery.net/7Ynb8cGuaNFDfUq5ec13tQ/b561d024-f835-4e2e-351b-6efb8776e800/public
20230624004001,https://imagedelivery.net/7Ynb8cGuaNFDfUq5ec13tQ/dda833d1-47c9-4424-f21e-c3b542b90100/public
20230628009001,https://imagedelivery.net/7Ynb8cGuaNFDfUq5ec13tQ/f8c6a1db-6ce4-4a30-9871-57d3bd5eba00/public
20230629004001,https://imagedelivery.net/7Ynb8cGuaNFDfUq5ec13tQ/24fe18f1-81d3-4a95-6a36-1cab51d23600/public
20230629001001,https://imagedelivery.net/7Ynb8cGuaNFDfUq5ec13tQ/464868cd-ae15-44ac-2674-5500d6401f00/public
20230629009001,https://imagedelivery.net/7Ynb8cGuaNFDfUq5ec13tQ/19270a8d-cb97-48a8-eba0-d0abf6fa7500/public
20230629009002,https://imagedelivery.net/7Ynb8cGuaNFDfUq5ec13tQ/fded1f5e-0d6f-4dd7-8c46-89138d577f00/public
20230702004001,https://imagedelivery.net/7Ynb8cGuaNFDfUq5ec13tQ/ead7a7d8-8b83-464c-60ad-7365d844f400/public
20230703009001,https://imagedelivery.net/7Ynb8cGuaNFDfUq5ec13tQ/f77cea9c-43b8-4385-fcce-4531bce01e00/public
20230711009001,https://imagedelivery.net/7Ynb8cGuaNFDfUq5ec13tQ/e8e0eb6b-0f7b-4138-81f0-e4854b6e4700/public
20230708009001,https://imagedelivery.net/7Ynb8cGuaNFDfUq5ec13tQ/86efe0b6-3440-4606-e271-e384559eb900/public
20230721009001,https://imagedelivery.net/7Ynb8cGuaNFDfUq5ec13tQ/79e619ab-9f70-4078-e548-69e0f113e300/public
20230721004001,https://imagedelivery.net/7Ynb8cGuaNFDfUq5ec13tQ/812013bc-34de-4d65-a275-2a18d0011d00/public
20230724007001,https://imagedelivery.net/7Ynb8cGuaNFDfUq5ec13tQ/8b545c23-0d49-4024-e645-925544233a00/public
20230725009001,https://imagedelivery.net/7Ynb8cGuaNFDfUq5ec13tQ/0b5c0af0-e5b6-4921-dea6-9672a4eb1400/public
20230722009001,https://imagedelivery.net/7Ynb8cGuaNFDfUq5ec13tQ/fdd9473a-8c69-4c3d-79a2-b7e1ba2b4f00/public
20230729009001,https://imagedelivery.net/7Ynb8cGuaNFDfUq5ec13tQ/37e81c44-cb1b-4dd3-d969-a7ae01e4c800/public
20230730004001,https://imagedelivery.net/7Ynb8cGuaNFDfUq5ec13tQ/fcecfd27-d127-4f12-802c-c3d8b0142000/public
20230808004001,https://imagedelivery.net/7Ynb8cGuaNFDfUq5ec13tQ/7c6c2ec4-1197-4543-b4e4-0eb7ce798e00/public
20230728004001,https://imagedelivery.net/7Ynb8cGuaNFDfUq5ec13tQ/ab917fc0-2794-45ba-d5a4-de07e5c59000/public
20230802009001,https://imagedelivery.net/7Ynb8cGuaNFDfUq5ec13tQ/291ce23a-eb98-4504-5585-b7ebb229f500/public
20230811009001,https://imagedelivery.net/7Ynb8cGuaNFDfUq5ec13tQ/41d4bac1-90d1-4333-7633-846d3d458400/public
20230811010001,https://imagedelivery.net/7Ynb8cGuaNFDfUq5ec13tQ/29b83f1b-af89-497a-bead-1bbf1e360600/public
20230814004001,https://imagedelivery.net/7Ynb8cGuaNFDfUq5ec13tQ/23bdb36b-174b-49cf-e14e-2c9828fd4600/public
20230813009001,https://imagedelivery.net/7Ynb8cGuaNFDfUq5ec13tQ/51338030-d051-4099-8657-e384c428b900/public
20230814000001,https://imagedelivery.net/7Ynb8cGuaNFDfUq5ec13tQ/920aa34f-7f4f-4d8f-aa36-753309286800/public
20230816011001,https://imagedelivery.net/7Ynb8cGuaNFDfUq5ec13tQ/75c1dfb7-e545-4bef-d517-f37b3ab80f00/public
20230817004001,https://imagedelivery.net/7Ynb8cGuaNFDfUq5ec13tQ/2d536bf8-3bfc-4198-2e83-465f69191600/public
20230818004001,https://imagedelivery.net/7Ynb8cGuaNFDfUq5ec13tQ/c5e445b2-234a-4345-b8fd-5533f3d08400/public
20230819009001,https://imagedelivery.net/7Ynb8cGuaNFDfUq5ec13tQ/cbb35fbd-df3d-48a0-b55f-f55303e7fe00/public
20230818006001,https://imagedelivery.net/7Ynb8cGuaNFDfUq5ec13tQ/f72f4042-1f79-469c-13c3-b52459040600/public
20230817009001,https://imagedelivery.net/7Ynb8cGuaNFDfUq5ec13tQ/91616ba3-1a76-4dcb-7470-2b99d2b96600/public
20230820009001,https://imagedelivery.net/7Ynb8cGuaNFDfUq5ec13tQ/a8500c77-f63f-4bda-5372-49ad97cf9300/public
20230824009001,https://imagedelivery.net/7Ynb8cGuaNFDfUq5ec13tQ/657ea597-202b-4608-ab4b-25b4cd6d4b00/public
20230823009001,https://imagedelivery.net/7Ynb8cGuaNFDfUq5ec13tQ/08636fe6-b82c-4d5e-668e-f5c5efa55b00/public
20230903009001,https://imagedelivery.net/7Ynb8cGuaNFDfUq5ec13tQ/11666a86-b722-4356-6129-bbe39af4d900/public
20230823003001,https://imagedelivery.net/7Ynb8cGuaNFDfUq5ec13tQ/7e707283-b3cc-413d-554e-c6b7e9215d00/public
20230911004001,https://imagedelivery.net/7Ynb8cGuaNFDfUq5ec13tQ/5abc2d39-cec3-43da-b588-6c9420dd7600/public
20230915000001,https://imagedelivery.net/7Ynb8cGuaNFDfUq5ec13tQ/53723f1e-b6ff-49cd-770a-315b3e00a200/public
20230906001001,https://imagedelivery.net/7Ynb8cGuaNFDfUq5ec13tQ/6041a01e-f9a2-40da-cfc0-366bd834d900/public
20230925004001,https://imagedelivery.net/7Ynb8cGuaNFDfUq5ec13tQ/3b180ab1-2eef-46ee-9fcb-392a262ee200/public
20230911009001,https://imagedelivery.net/7Ynb8cGuaNFDfUq5ec13tQ/6eaac45f-7660-4807-a2c6-fde272b84f00/public
20230927004001,https://imagedelivery.net/7Ynb8cGuaNFDfUq5ec13tQ/76e2334e-1139-4656-7972-bbc21f3c5f00/public
20230911011001,https://imagedelivery.net/7Ynb8cGuaNFDfUq5ec13tQ/5c854353-4047-4129-2bc6-27f2a4720100/public
20230926002001,https://imagedelivery.net/7Ynb8cGuaNFDfUq5ec13tQ/9145bf62-9837-410f-8e9c-c092715bf600/public
20230929002001,https://imagedelivery.net/7Ynb8cGuaNFDfUq5ec13tQ/a9880a3f-4012-42e3-82fa-931c86ddaa00/public
20231006004001,https://imagedelivery.net/7Ynb8cGuaNFDfUq5ec13tQ/25f27ddf-a1a1-44b8-fc83-a7db6b1b0600/public
20230928010001,https://imagedelivery.net/7Ynb8cGuaNFDfUq5ec13tQ/260d0473-4dd5-4ef8-c04b-b3c3784c4e00/public
20230930009001,https://imagedelivery.net/7Ynb8cGuaNFDfUq5ec13tQ/2ea9c7c9-6439-44c2-e057-dd96c0514800/public
20231012011001,https://imagedelivery.net/7Ynb8cGuaNFDfUq5ec13tQ/60d749ed-2325-4c95-04ad-5d47e76e9500/public
20231016001001,https://imagedelivery.net/7Ynb8cGuaNFDfUq5ec13tQ/cde4081c-d4eb-4c4b-8232-720e0ccee700/public
20231013002001,https://imagedelivery.net/7Ynb8cGuaNFDfUq5ec13tQ/dfb558fb-fc1c-43c1-c228-fde36e91f400/public
20231023002001,https://imagedelivery.net/7Ynb8cGuaNFDfUq5ec13tQ/04417b2e-1ab7-4a9c-74b9-52bedd40fa00/public
20231017009001,https://imagedelivery.net/7Ynb8cGuaNFDfUq5ec13tQ/4fdf27c7-5d49-4113-1469-31bd63289e00/public
20231027004001,https://imagedelivery.net/7Ynb8cGuaNFDfUq5ec13tQ/2f7a5658-ab06-4f9d-4eae-994f66bc3300/public
20231026009001,https://imagedelivery.net/7Ynb8cGuaNFDfUq5ec13tQ/ef3ad5d3-879e-41c9-1195-108110708500/public
20231103009001,https://imagedelivery.net/7Ynb8cGuaNFDfUq5ec13tQ/346293ff-ae28-46c8-abc2-0de829da7900/public
20231127007001,https://imagedelivery.net/7Ynb8cGuaNFDfUq5ec13tQ/1efc39ab-19f8-43a8-45fa-909572164600/public
20231122009001,https://imagedelivery.net/7Ynb8cGuaNFDfUq5ec13tQ/5e79a4a2-0f37-4fa9-8785-d1c21699df00/public
20231129000001,https://imagedelivery.net/7Ynb8cGuaNFDfUq5ec13tQ/6fd49960-b522-4fe3-6a5d-370ecd82d200/public
20240111011002,https://imagedelivery.net/7Ynb8cGuaNFDfUq5ec13tQ/fb94284a-e2d9-4c9a-fda5-67fe6af4ac00/public
20240111005001,https://imagedelivery.net/7Ynb8cGuaNFDfUq5ec13tQ/881cf904-346f-4d75-4603-3e9c883e8800/public
20240108009001,https://imagedelivery.net/7Ynb8cGuaNFDfUq5ec13tQ/660da256-0778-414e-dea2-681ceda13300/public
20240101011001,https://imagedelivery.net/7Ynb8cGuaNFDfUq5ec13tQ/a2ce118b-ee81-43a4-2a1b-a091a3081400/public
20240111011001,https://imagedelivery.net/7Ynb8cGuaNFDfUq5ec13tQ/8b4c7d62-2143-4734-60e3-02726e1ea100/public
20240112007001,https://imagedelivery.net/7Ynb8cGuaNFDfUq5ec13tQ/43087f27-1e0d-40b5-f134-d2f09c84f900/public
20240126002001,https://imagedelivery.net/7Ynb8cGuaNFDfUq5ec13tQ/514b9e19-9d9d-4a23-ce4c-99e3f491c300/public
20240115011001,https://imagedelivery.net/7Ynb8cGuaNFDfUq5ec13tQ/6a30b16a-1c91-40fe-8489-af76971e9700/public
20240117010001,https://imagedelivery.net/7Ynb8cGuaNFDfUq5ec13tQ/f9306ecc-5d67-48ae-3973-11a272e4ed00/public
20240131007001,https://imagedelivery.net/7Ynb8cGuaNFDfUq5ec13tQ/7e1efa99-da3c-46e7-b909-d17f08e9e000/public
20240131009001,https://imagedelivery.net/7Ynb8cGuaNFDfUq5ec13tQ/c4d9ec18-9112-4d7c-952c-ba1610399c00/public
20240205009001,https://imagedelivery.net/7Ynb8cGuaNFDfUq5ec13tQ/f1c8e62c-fb9c-4581-64e9-752b0ed32200/public
20240215002001,https://imagedelivery.net/7Ynb8cGuaNFDfUq5ec13tQ/9d24cc75-d800-473a-ac1a-b4fce4c7a700/public
20240218009001,https://imagedelivery.net/7Ynb8cGuaNFDfUq5ec13tQ/6bea1a2f-4a17-4d0f-8a49-c789e2e3ad00/public
20240222011001,https://imagedelivery.net/7Ynb8cGuaNFDfUq5ec13tQ/a1149554-bc8a-455b-2e07-d9eb28188000/public
20240303009001,https://imagedelivery.net/7Ynb8cGuaNFDfUq5ec13tQ/832524e0-0003-401c-2e05-71d69d97fa00/public
20240222011002,https://imagedelivery.net/7Ynb8cGuaNFDfUq5ec13tQ/f6f1a4ff-9f00-4f93-4ad1-67f2da217a00/public
20240302009001,https://imagedelivery.net/7Ynb8cGuaNFDfUq5ec13tQ/cd0eac5d-dbcc-4f78-9664-d9dffd1dfd00/public
20240308009001,https://imagedelivery.net/7Ynb8cGuaNFDfUq5ec13tQ/52b98b65-491d-449d-6833-bdb7800bd000/public
20240312007001,https://imagedelivery.net/7Ynb8cGuaNFDfUq5ec13tQ/d7ae0ad2-0497-456a-2c15-0758f3ed5f00/public
20240318011001,https://imagedelivery.net/7Ynb8cGuaNFDfUq5ec13tQ/564cfc15-e443-41ff-cfde-35b7cefa7500/public
20240314009001,https://imagedelivery.net/7Ynb8cGuaNFDfUq5ec13tQ/56a511f3-d63b-4faa-6173-9ced2bb95300/public
20240328009001,https://imagedelivery.net/7Ynb8cGuaNFDfUq5ec13tQ/6b267332-cc46-40c4-5970-9324c7d98100/public
20240319009001,https://imagedelivery.net/7Ynb8cGuaNFDfUq5ec13tQ/a1c2260b-a807-4e81-aefe-d259d7479500/public
20240330009001,https://imagedelivery.net/7Ynb8cGuaNFDfUq5ec13tQ/91936bfd-296b-4b08-066e-9be923a56800/public
20240322009001,https://imagedelivery.net/7Ynb8cGuaNFDfUq5ec13tQ/8643ff81-6ae9-4dbf-2ec5-28178ed7dd00/public
20240413009001,https://imagedelivery.net/7Ynb8cGuaNFDfUq5ec13tQ/86ade9f7-a9ef-49d9-02ef-42e9d8c9b700/public
20240417011001,https://imagedelivery.net/7Ynb8cGuaNFDfUq5ec13tQ/2f60c8ef-efdc-4564-e434-8f6f87d98600/public
20240402011001,https://imagedelivery.net/7Ynb8cGuaNFDfUq5ec13tQ/d0085805-f0a4-464c-4fbc-ee9e0b54ce00/public
20240411009001,https://imagedelivery.net/7Ynb8cGuaNFDfUq5ec13tQ/66ea86d4-0a0c-4d6f-48b6-46d23a7f1300/public
20240423000001,https://imagedelivery.net/7Ynb8cGuaNFDfUq5ec13tQ/fa28d7b6-8ea9-475e-7e6b-b3a953f4cd00/public
20240428011001,https://imagedelivery.net/7Ynb8cGuaNFDfUq5ec13tQ/04fa4dc5-e92c-41f7-bd21-fb910ec59b00/public
