Title,Video ID,Duration
"TESLA VS BAD DRIVERS - 20 CRASHES, FAILS & SAVES | TESLACAM STORIES 248",fIoZ54WdqfA,0:15:44
Driver Shoots Fireworks at Police Car After Getting Stuck in Traffic,3_jy-Za6kD4,0:02:42
INSANE ROAD RAGE ATTACK ON TESLA,XIOUNJ09XxE,0:01:00
WORST DRIVERS OF TEXAS | WHAM BAAM TESLACAM,POeSVcuMhG4,0:17:57
INSANE TESLA VS SEMI CRASH; TRUCKER CAUGHT LYING,IS-T-fmBga8,0:11:44
15 CRAZY TESLA ATTACKS AND CRASHES CAUGHT ON CAMERA | TESLACAM STORIES #246,9LuxEM7000g,0:11:42
WORST DRIVERS OF FLORIDA - VOL 1 | WHAM BAAM TESLACAM,dnfOQGbiVII,0:18:29
LYING DELIVERY DRIVER TOTALS TESLA IN CRASH,eNg0GXL2CsE,0:12:29
TRUCK DRIVER LIED IN CRASH; TESLACAM SAVED TESLA OWNER,wlNsd0cS6Vc,0:00:28
CAR SENT FLYING IN CRASH,7GlQ6O-_qNs,0:00:25
28-CAR CRASH CAUGHT ON TESLA DASHCAM,1lAWWMOzlP0,0:00:57
TESLA CRUSHED BY TRUCK WITH BRAKE FAILURE,cegc9LA8CHA,0:12:35
THIS PORSCHE DRIVER WAS NOT HAPPY,RATuaR0K794,0:00:58
"SHOCKING FOOTAGE: UNLICENSED DRIVER CRASH TESLA, DASHCAM CAPTURES ALL",w_KeCioZIjk,0:16:11
INSANE ROAD RAGE ATTACK CAUSES MASSIVE HIGHWAY CRASH,MBlXgCMmtPE,0:17:18
CAR CRASH CAUGHT ON TESLA SENTRY MODE,l7I9gVyAvvQ,0:00:10
CRAZY CAR CRASH,4t7VlpeMktQ,0:00:14
TESLA DASH CAM USED AS EVIDENCE IN CRASH,Upt1jVN3NQU,0:00:48
SLEEPING MAN WOKEN UP BY A CAR CRASH,k6pTPYQLEzg,0:00:27
4-CAR COLLISION CAUGHT ON TESLA DASH CAM,dLI-dAVhIfM,0:00:35
EXTREME TESLA CRASH: DRIVER FALLS ASLEEP AT THE WHEEL,dntws31nAc4,0:15:03
DANGEROUS SEMI TRUCK DRIVER CAUSE CRASH,mwLmprZ_tcw,0:00:29
SELF-DRIVING TESLA VS OLD WOMAN,pKv_ByrXJm0,0:00:46
"A WELL-TIMED ACCELERATION, A CONVENIENT COP, AND A CRASHED TESLA",tVtkt5VO55M,0:00:42
TESLA DASH CAM CAUGHT A 3-CAR CRASH,6jvwG5U1fng,0:00:26
WIFE CRASH A TESLA,w95XjbP4nsA,0:00:19
TESLA CAUGHT TESLA CRASH,vVOHPdwOHAw,0:00:26
TEENAGE DRIVER MAKES A VERY EXPENSIVE MISTAKE,cdxhfn05gLo,0:14:34
BMW M4 DRIVER CRASHES INTO A STUDENT DRIVER,xyI7WA0X844,0:08:55
A BAD DRIVER PIT-MANEUVERS A TESLA,40qCz2oGoAM,0:00:43
WORST DRIVERS OF CALIFORNIA | WHAM BAAM TESLACAM,66IApMK6F5Y,0:49:35
INCREDIBLE CAR CRASH RECORDED BY TESLA MODEL Y,1OF526SQXZI,0:00:23
TESLA CRASH CAUGHT ON BUILT-IN DASH CAMERA | TESLACAM STORIES 238,9RVBSTu4-WI,0:12:22
RED LIGHT RUNNER CAUSE CRASH,fDBz6AVkOiY,0:00:14
TESLA AUTOPILOT REACTS IN CRASH,YD9qMAxjHQ4,0:00:55
TESLA DRIVER CAUSE MASSIVE TESLA CRASH,bW736jGWE34,0:11:31
UNAWARE DRIVER CAUSE HIGHWAY CRSH,rI6DMCEexyc,0:00:18
THIS IS WHY TESLA'S BUILT IN DASHCAM FEATURE IS KING!,WoDerbSOnLs,0:00:31
"$30,000 REPAIR BILL",Q7OdWZohgbg,0:00:55
INSANE 28 CAR PILE-UP CRASH CAUGHT ON TESLACAM,B9M3iOfz_rs,0:17:19
INSANE TESLA ROLLOVER CRASH CAUGHT ON CAMERA,2-Rq0ie1R8c,0:15:12
TESLA AUTOPILOT AVOIDS CRASH; HUMAN DIDN'T,XOBK1Ebuerg,0:00:32
TESLA CRASHED BY TEEN DRIVING ON TWO WHEELS,dDfsmYH-8uY,0:09:47
TESLA ATTACKED BY VANDALS,6pVO00MBeRw,0:00:29
INSANE HIGHWAY CRASH CAUGHT ON TESLA DASHCAM,skfjAcpOAtY,0:00:54
TESLA VS BMW CRASH,nCZgWY91vps,0:00:31
FATHER AND SON STREET RACING ENDS IN MASSIVE CRASH,6jSMxcnTklo,0:13:07
CAR FLIPS OVER AFTER CRASHING INTO TESLA,cFPj5s6cdIc,0:00:23
DRIVING IN NEW YORK IS CRAZY,PqsjNLbN5Eg,0:00:09
TESLA AUTOPILOT SAVED THIS WOMAN'S LIFE,_Zx5DxRLXqI,0:00:55
EXTREME REAR-END CRASH CAUGHT ON TESLA DASHCAM,aoktxCCeA1U,0:00:33
"BEST OF TESLA SENTRY MODE | TOP 40 CRASHES, VANDALS AND CRAZY MOMENTS",CdV7e-j8SVA,0:30:43
ROAD RAGE CAUGHT ON TESLA DASHCAM,TjJ_0KH6fBc,0:00:28
THE POLICE WERE LOOKING FOR THIS VAN,uu4xBBXNbMI,0:00:31
TESLA REAR-ENDED BY PICKUP TRUCK,RbBUttykywo,0:00:24
MASS CRASH CAUGHT ON TESLA DASHCAM,aJj2poRTGUc,0:00:14
"TESLA DRIVER MAKES A $150,000 MISTAKE",gotBgWzFGUQ,0:10:49
THE COP JUST SMILED,0bkJbuVTdio,0:00:37
TESLA VS LYING WOMAN,D2bBPuz4wBo,0:00:55
TESLA PROVIDED FOOTAGE OF UBER DRIVER'S INNOCENCE IN CRASH,N_KewHfRttw,0:12:29
DRIVER ARRESTED AFTER CRASHING INTO TESLA,JfLrtjjMNNs,0:00:56
TESLA HYDROPLANE CRASH,l9thVlr5UKI,0:00:41
DRIVER CASUALLY LIGHTS UP A CIGARETTE AFTER CRASHING ON THE HIGHWAY,iANuKSR3zQo,0:00:30
CAMERAS CAUGHT GUY KEYING A TESLA,YgWCguaJpq8,0:00:18
TESLA CRUSHED BY LYING SEMI TRUCK DRIVER,h8DEabDXMyA,0:16:56
TESLA CAUGHT ELECTRIC EXPLOSION,4L9QgF10dG8,0:00:18
AUDI RS5 CRASH CAUGHT ON TESLA CAMERA,2tsqIWNsGrE,0:00:39
TRUCKER SENDS WARNING TO TESLA DRIVERS,-lAt_5so36w,0:00:33
TESLA VS AGGRESSIVE PICKUP DRIVER,tje1kubo6w8,0:00:27
"TESLA TOTALED BY UNAUTHORIZED DRIVER; INSURANCE DENIES $34,000 CLAIM",Wvo7BOFevbQ,0:10:30
PICKUP TRUCK CRASH CAUGHT ON TESLA DASHCAM,zHmNFnJ5OVI,0:00:26
COP MISSED CRASH,_Efbv5J3hBY,0:00:25
MYSTERIOUS CAR CRASH,kk0sX2yiilw,0:00:29
TESLA AUTOPILOT REACTS IN CRASH,GSbXYsNqCKI,0:00:35
WHO'S AT FAULT IN THIS CRASH?,8UYJKUE3QN8,0:00:21
DATE NIGHT IN TESLA MODEL X ENDS IN CAR CRASH,bPsphnJyOeY,0:00:19
TESLA ROAD RAGE ATTACK CAUGHT ON CAMERA,KGPzGozlQhs,0:13:40
DRIVER CRASH WHEN TRYING TO TAKE A LATE EXIT,OS6DVeCCb_M,0:00:15
TESLA CAMERA CAUGHT GUY RUNNING FROM THE POLICE,bMYbfsAb4JY,0:00:22
MASERATI CAR THIEF VS THE POLICE,uFv-oz5tuG0,0:00:49
TESLA CYBERTRUCK VS MODEL Y CRASH TEST,9kN3BKUSwB8,0:00:15
UNSOLVED TESLA CRASH BAFFLES THE POLICE,S5x7Lvg5G5U,0:11:15
DID YOU SEE THE GUN?,_l6Vwy09NS4,0:00:26
TESLA DRIVER REACTS QUICKLY IN CRASH,YRuAxKD2xqA,0:00:38
TESLA VS CADILLAC STREET RACING CRASH,nSFUvaOG6LM,0:00:21
WOMAN CRASHES A TESLA WHEN TRYING TO AVOID THE POLICE,iixcQPyE-Kk,0:13:18
THIEVES HIT ALL CARS PARKED ON THE STREET,JuIzDdNieGY,0:00:26
REAL LIFE IRON MAN CRASH HIS SCOOTER,A4dN8X5NKCQ,0:00:22
Teslacam VS Dashcam (The Real Winner) - Best Dash Cam of 2024,c3N2101EXRY,0:06:46
AUTOBAHN ACCIDENT CAUGHT ON TESLA DASHCAM,CSNiPDJdJVM,0:00:16
HEARING YOUR OWN VOICE AT THE AIRPORT,167lYWpLm3M,0:00:14
TESLA PURSUIT ENDS IN MASSIVE HIGHWAY CRASH,OPNaPEqA25Q,0:13:29
TESLA LOVE CAUGHT ON CAMERA,SyQAOmymjs8,0:00:15
PORSCHE CRASH CAUGHT ON TESLA DASHCAM,_4w1y4lF5bM,0:00:09
TESLA RECORDS SUSPICIOUS ACTIVITY,6n50Ct7lP-E,0:00:22
TESLA DASHCAM MAKES THE POLICE JOBS EASIER,m3dOfYtynYs,0:00:22
TESLA VS SEMI TRUCK IN MASSIVE 6-CAR PILEUP CRASH,Nh4sTJjKfq0,0:14:04
GUYS PRANK TESLA SENTRY MODE,9xGJgqO2-CE,0:00:19
POLICE HAD TO STOP THIS DRIVER 2 (!!) TIMES,I_NLihVub7E,0:00:21
CAN YOU GUESS THE COUNTRY?,LJZsXruhVmQ,0:00:27
TESLA CYBERTRUCK SPOTTED IN TEXAS,hTbiYpAkl3E,0:00:25
TESLA CYBERTRUCK IN THE WILD,WFzn02InZbQ,0:09:04
INSANE ROAD RAGE,kog5MtY881E,0:00:59
TESLA CRASH CAUGHT ON CAMERA,Y2ZGfp2Nn7U,0:00:21
TESLA CRASHED BY TWO STREET RACING CARS,0JZ7WjOba9o,0:00:46
WIFE CRASHES TESLA ON HER FIRST ATTEMPT,vB-T3zMP2w4,0:10:45
GOLF BALL VS TESLA,cQ0HbY7vbnA,0:00:20
TESLA HIT BY TORNADO,Zin20ethmGM,0:00:48
CRASHING A TESLA MODEL X AT A POLICE ROAD BLOCK,Ve-0ghekE9A,0:01:00
EXTREME REAR-END CRASH,LAUT5ZV4lc0,0:00:25
TESLA VS TRUCK CRASH,LetryWScV8Q,0:00:19
SECRET TESLA FOOTAGE PROVES WHO WAS AT FAULT IN CRASH,xGE9y5CgOuE,0:10:28
EXTREMELY BAD DRIVER CAUGHT ON CAMERA,vaRpobZkR7g,0:00:27
PICKUP TRUCK ALMOST TAKES OUT TESLA,WwvjtpnXZyI,0:00:12
"$17,000 TESLA CRASH",4MjpRIWHV8c,0:00:30
TESLA CRASHED BY NEIGHBOR,rJh_aIJtOF8,0:00:37
EXTREME PORSCHE CRASH,S_Z-_qySVzw,0:00:11
HONDA DRIVER KNIFES A TESLA,xufwIAHujGI,0:01:00
TESLA DRIVER CAUSE CRASH,bTKQkYfbklI,0:00:40
TESLA MYSTERIOUSLY CRASHED TWICE,JylmGh7mmpg,0:13:52
TESLA BLOCKED BY GAS CAR AT CHARGER,klb8Z-zzP2w,0:00:26
TOP 30 BIGGEST TESLA CRASHES OF 2023,M-0x_sQ0Mxo,0:30:31
SEMI TRUCK HITS TESLA,SsalTZVxeg8,0:00:59
POLICE IGNORES TESLA CRASH,Ovh3dv-QRFw,0:00:38
TESLA CRUSHED BY PICKUP TRUCK IN HIGHWAY CRASH,oav2ZGsMXGo,0:15:21
TESLA OWNER DECIDES TO NEVER STOP FOR RED LIGHTS,gJYdHcGdUHA,0:00:41
TESLA OWNER ACCIDENTALLY UNLOCKS DOOR WHILE BEING ROBBED,AU8VuCTQ1XU,0:01:00
WOMAN TURNS HERSELF IN TO THE POLICE AFTER BEING CAUGHT ON TESLA DASHCAM,08WZzosajLc,0:00:39
TESLA TOTALED IN CRASH,C_3MyNKHlbM,0:00:52
INSTANT POLICE JUSTICE,8XaYasKuun0,0:00:45
TESLA TOTALED IN ROLLOVER CRASH,YcE-UfJYhbo,0:12:58
SEMI TRUCK VS TESLA AUTOPILOT,FD_Mkb1UWqo,0:00:20
DRUNK DRIVER LIES TO THE POLICE,TY0kqH9P2oQ,0:00:45
ANGRY KAREN JUMPS UP ON TESLA IN ROAD RAGE,lHPFgOwgK9s,0:00:40
MAN THROWS ROCK AT TESLA,xy3zDAUdR50,0:00:23
MAN KICKS TESLA,33Ie0mFxh7k,0:00:39
FULL SELF DRIVING TESLA REACTS IN CRASH,DR-Jy5CtmQU,0:11:31
TESLA OWNER LETS HIS GIRLFRIEND TEST HIS CAR...,dprFLFRL86Q,0:00:31
LOOSE SCHOOL BUS TYRE CRUSHES CAR,PgYnpnrQSrc,0:00:37
GARBAGE TRUCK PLOWS INTO CARS,Ha-EAXbY9X0,0:00:56
SEMI TRUCK FLIPS OVER,rL-p60wEGLM,0:00:31
WORLD'S WORST TESLA DRIVERS | WHAM BAAM TESLACAM,RvCgfcktQR8,0:11:26
TESLA DRIVER ALMOST WENT TO JAIL FOR THIS CRASH,Mjkgu51N_64,0:14:20
TESLA SENTRY MODE CAUGHT BEAR IN ACTION,UIgrVuUEuGY,0:00:16
THE NEW TESLA MODEL 3,rS0jHkglcyI,0:00:21
VOLVO CRASH CAUGHT ON TESLA DASHCAM,P3t3OxpLHXw,0:00:25
PORSCHE GOES AIRBORNE IN CRASH,qx7pSt4cy2g,0:15:00
POLICE COULDN'T BELIEVE THIS TESLA CRASH FOOTAGE,G0BueSeoIVw,0:00:21
TESLA ACTUALLY RELEASED THIS PRODUCT,zB8I5lA57Io,0:00:30
INSTANT POLICE JUSTICE CAUGHT ON TESLA DASHCAM,Vh7WhxTl7n0,0:00:17
"INCHES AWAY FROM $60,000 TESLA CRASH",eeP97PTwY3w,0:00:27
WOMAN FLEES POLICE AFTER CRASHING INTO TESLA,9nlki7sNGow,0:12:13
POLICE USE BODY CAM IN TESLA CRASH,ysnnjyS_lfo,0:00:26
GUY JUMPS ON TESLA,3P8a25TFwqU,0:00:49
TEEN CAUGHT LYING ABOUT CRASHING A TESLA,me9DZr7dKEI,0:11:23
YOUNG DRIVER CRASHES INTO A TESLA,lt2np6Qn3hw,0:00:21
CAR ROLLS OVER IN CRASH,FaTzk0Oe4ZE,0:00:42
TESLA CYBERTRUCK JUMP,R7JcaYABXJI,0:00:15
TEXAS HAS THE WORST DRIVERS,QAd2E0zPbu0,0:00:52
EXTREME TESLA CRASH,UjdtCbLp5L4,0:10:14
TESLA OWNERS ARE AWESOME,JO2j0hBvf3E,0:00:36
TESLA VS JEEP CRASH,peaJ2nKY9hQ,0:00:28
"$33,000 USD TESLA REPAIR BILL",QCXSdfYK2_Y,0:00:49
"FERRARI VS TESLA CRASH; INSURANCE REFUSES $140,000 CLAIM",4uzFMu86ly8,0:03:18
TESLA MOBILE RANGER: EPIC STORY,rFshjwucyrU,0:00:43
$3000 TESLA HIT AND RUN CRASH,XOzoz9igodA,0:00:32
TESLA VS SHOPPING CART,CtakZwQL69s,0:00:26
FULL SELF DRIVING TESLA CRASH INTO A POND,DL-Xvu3G_48,0:12:40
TESLA SENTRY MODE,pz2zEvrgXjg,0:00:17
COP WANTED TO BUY A TESLA AFTER HE SAW THIS,8jWHgXBtwso,0:00:31
EXTREME LIGHTNING STRIKE CAUGHT ON TESLA SENTRY MODE,fW03OATqo_E,0:00:21
"$35,000 TESLA CRASH",RQufdMcXcGQ,0:00:39
INSANE DRIVING FAIL CAUGHT ON TESLA DASHCAM,RGvHgp_vGXU,0:13:08
COP CRASHES A TESLA MODEL S PLAID,Dv1Dcw-wGhI,0:00:54
T-BONE CRASH,w2Whd28L8Pc,0:00:21
HIT AND RUN,6NANfu1Jt0I,0:00:47
TESLA AUTOPILOT SLOWS DOWN FOR CRASH,tHA-8LdEeVY,0:00:51
TESLA SAVES DRIVER IN CRASH,HiTQAoQdKAg,0:00:59
"STUDENT DRIVER CAUSE $41,000 DAMAGE TO TESLA IN CRASH",yvd1oaV7KxU,0:13:05
THIS GUY REALLY LOVE TESLA,vMLyOWfSe-M,0:00:08
THE KING OF THE WOODS,fklEeA8f5Y4,0:00:10
WHAT WOULD YOU DO? (TESLA AUTOPILOT),lOayBs8GmAs,0:00:46
FREAK ACCIDENT CAUGHT ON TESLA DASHCAM,RTnlIwsu91Q,0:00:59
TEENAGE PICKUP DRIVER FAIL,XWtrj7qxUBc,0:00:13
ROAD RAGE CAUGHT ON CAMERA,JPogA2MIomc,0:00:33
ODD HIGHWAY CRASH CAUGHT ON CAMERA,DxERaQ_ARcU,0:00:58
TESLA MODEL X CRASH CAUGHT ON MULTIPLE CAMERAS,TzdXYn-nA74,0:10:27
POLICE WAS IMPRESSED AFTER THIS TESLA CRASH,Jc8r38s55n8,0:00:52
WOMAN STOPS TESLA DRIVER TO SAY THIS....,cMhp8Fp2XTM,0:00:43
CAR ROLLS OVER IN CRASH,qrbT5OZwCj8,0:00:35
THIS COULD HAVE BEEN AN EPIC VIDEO IF THE TESLA DRIVER WENT FOR THAT BIG JUMP,kyER9y6Hv-c,0:00:35
TESLA REAR-ENDED BY YOUNG DRIVER,4wKRhUxaNGg,0:00:35
DRAMATIC HIGHWAY CRASH - CAUGHT ON TESLA DASHCAM,-QxK8NvFbaU,0:10:52
TESLA CRASH CAUGHT ON CAMERA,qo4j9DKvKxI,0:01:00
HELICOPTER LANDS ON THE ROAD,lv4P2Z-N_i8,0:00:24
#HONDABUMP VS TESLA,wUm3UfvROeM,0:00:27
JAGUAR CRASH CAUGHT ON CAMERA,6-fB0kBzHu4,0:00:35
TESLA CRASH MAKES HONDA FLIP OVER,2ZYYORdaqGE,0:10:08
ROAD RAGE ATTACK ON TESLA,8YxQi0IVZdc,0:00:32
TESLA AUTOPILOT VS SEMI TRUCK CRASH,T0Ikr8G0wBA,0:01:00
"""THANK GOD FOR TESLA DASHCAM""",5u1sHXZtN0c,0:00:53
TESLA CAUGHT RECKLESS TEENAGE DRIVER CRASHING,Y1TExMCrWXc,0:00:21
TESLA AUTOPILOT VS CHILD,kOBZmf9P3c4,0:10:05
ANGRY MAN ATTACKS A TESLA,kha48GvO78M,0:00:24
DOOR DINGING A TESLA,diqgjq-VEP8,0:00:37
POLICE CAUSE CRASH FOR THIS....,DlvM1Pxpejg,0:00:27
CAR FLIPS OVER IN CRASH,Umxng_1rlc0,0:00:48
TESLA COVERED IN PAINT,84hQLSTMslU,0:00:43
TESLA OWNER SHARES FOOTAGE WITH FIRST RESPONDERS,glT-bWXv1xA,0:00:25
OLD MAN CRASHES A RENTED TESLA MODEL X,ztASKgR4LqQ,0:10:29
TESLA VS PYTHON,q2wR4MtTcOc,0:00:25
$7400 TESLA FENDER BENDER,wA9eXZl8FDA,0:00:54
JEEP CRASH CAUGHT ON TESLA CAMERA,hhhvTLEMvuA,0:00:34
TESLA SENTRY MODE SOLVES CRASH,ET51Wj1ASck,0:00:55
TESLA AUTOPILOT AVOIDS HIGHWAY ACCIDENT,A3K410O_9Nc,0:00:25
TESLA OWNER WITNESS STRANGE ACCIDENT,IvpkrH9GNHw,0:00:27
INSANE HIGHWAY CRASH CAUGHT ON TESLA DASHCAM,fI9c2tapwb4,0:14:07
TESLA DRIVER AVOIDS HIGHWAY ACCIDENT,X5ekXvqPPuE,0:00:35
THREE TESLAS TOTALED IN CRASHES,qdR-bQAyC_U,0:14:29
TESLA OWNER SAVED BY TESLACAM IN CRASH,YM9P29AiRS0,0:00:50
TESLA DASHCAM USED AS EVIDENCE IN CRASH,KL0RrBXtDqQ,0:00:23
TESLA CAUGHT MAGIC MOMENT,7uGAduiqIeg,0:00:15
TESLA REAR ENDS SEMI TRUCK AT 80 MPH,S6iN1OeIXmo,0:13:36
ROAD RAGE ATTACK ON TESLA,6_96bvn-_DA,0:01:00
TESLA - THE TURBO KILLER,Yj8jQ3tJogs,0:00:28
TESLA AVOIDS HEAD ON CRASH,vdhaYC_A5rc,0:00:16
TESLA REAR ENDED 5 TIMES IN CRASH,h5UCGuWCsUw,0:00:57
TESLA AVOIDS BAD DRIVER,52YpKXuRJ2Y,0:00:28
ROAD RAGE,PZgB2WxU5PU,0:01:00
SCHOOL BUS TAKES DOWN SPEEDING DRIVER,WfaKGSJl0YA,0:13:30
MAN LICKS TESLA,GN8YZ62g_YU,0:00:34
DON'T DO THIS WHEN DRIVING,6JSvW5LTtoA,0:00:43
TESLA OWNER SAVED BY TESLACAM,vrP82ULAKxY,0:00:50
TESLA ROAD TRIP GONE WRONG,JVHjCjMJxyY,0:00:40
TRUCK VS RV CRASH,CV29LK0BKes,0:00:18
TESLA OWNER CONFRONTS HIT AND RUN SUSPECT,4U7JxarXuGs,0:00:27
"BEST OF WHAM BAAM TESLACAM | 3 HOURS OF CRASHES, ROAD RAGE AND SENTRY MODE VIDEOS",e_OCFBl1r7U,2:51:28
TEXAS HAS THE WORST DRIVERS,KAwqDf7G1Nc,0:00:26
PICKUP TRUCK ROLLS COAL ON TESLA,tBb54vtE0Xo,0:00:16
TESLA OWNER HEROICALLY SAVES A MUSTANG,n3btmYSq2C8,0:00:55
HONDA REAR-ENDS TESLA IN CRASH,4xdBqSQtkhk,0:00:30
TESLA AUTOPILOT VS WRONG WAY DRIVER,f2KZwgwreb8,0:01:00
WRONG WAY DRIVER CRASHES INTO AN EXPLODING GAS LINE,PENnZ3deELU,0:00:41
TESLA VS TESLA ROAD RAGE CRASH,5tWXUPMMC7Y,0:11:17
PRUIS DRIVER UPGRADES TO TESLA AFTER CRASH,709njCe0PTU,0:00:19
DID TESLA AUTOPILOT MAKE THIS EVASIVE MANEUVER?,tja4cBYhedU,0:00:26
TESLA CAUGHT PEDAL MISAPPLICATION,QyinSgI7id4,0:00:35
TESLA CAUGHT IN LONDON CHAOS,gCwnz95HfnQ,0:01:00
EVERY TESLA OWNERS WORST NIGHTMARE,-HNB0UXuhr8,0:13:49
CALIFORNIA HAS THE WORST DRIVERS,dJNLtIloH_Y,0:00:24
THIS IS WHY YOU SHOULD DRIVE SLOW AROUND BUSES,A5V3MyxgPmM,0:00:19
SEMI TRUCK DRIVER KEYS A TESLA,aL7rMyfCwmc,0:01:00
TESLA TOTALED IN PILE-UP CRASH,sTJi27QDNJc,0:14:11
DODGE CHARGER DRIVER COULDN'T EXPLAIN THIS CRASH,bjoT6kDMHUY,0:00:20
CRASH CAUGHT ON TESLACAM,yJtPSxRPCXo,0:00:19
ROAD RAGE CRASH,2ykdqQhXm5c,0:00:31
#HONDABUMP AVOIDED,OLcek8WlTkk,0:00:11
REPAIR SPECIALISTS CAUGHT REPAIRING A REPAIR SPECIALISTS SIGN,CuUOVyjGlqM,0:00:30
HELPING THE HIGHWAY POLICE CAN BE HARD,pG12Lhr7UP0,0:00:54
TESLA TOTALED; NEW OWNER GETS A SHOCKING SURPRISE,_puCQtKliiU,0:16:07
SNOW PLOW CREATES WALL OF SNOW,InoCl-iVSpY,0:00:27
TESLA TOTALED IN CRASH; FOOTAGE PROVES THE OTHER DRIVER WAS LYING,Jjp_ee2Njq8,0:00:57
PICKUP TRUCK SPINS OUT ON HIGHWAY,oJfRIrgz970,0:00:18
EXTREMELY BAD TOYOTA DRIVER,boELTHb3nVM,0:00:24
TESLA DRIVER ATTACKED WITH BASEBALL BAT IN ROAD RAGE,uVSL6jwlFoY,0:02:46
HOW TO DO LIMBO WITH A TESLA,CBIeyNM--58,0:00:15
THE BEST TESLA SENTRY MODE FOOTAGE EVER RECORDED,H5yoiUJzW8g,0:00:47
Lamborghini Hurac√°n Crash,xFyrr1veUvA,0:00:40
INSANE CRASH FOOTAGE CAUGHT ON TESLA DASHCAM,QfzWrYhW4UY,0:12:43
TOYOTA TACOMA CRASH,xn8pblnLvbc,0:00:13
EXTREMELY CLOSE CALL CAUGHT ON TESLACAM,yJD2mPnb67s,0:00:18
PICKUP TRUCK BLOWS HIS ENGINE,_Oo4LPOQMXA,0:00:29
MERCEDES BUMPS INTO TESLA,ngE1nEo3RuA,0:00:38
T-BONE CRASH CAUGHT ON TESLA DASHCAM,ItL5xCi7Bw0,0:00:20
"$35,000 TESLA CRASH",AAf58MwCrYU,0:00:58
"$60,000 MISTAKE CAUGHT ON TESLA DASHCAM",3gBUAEnF4vQ,0:12:12
"$4,000 DAMAGE TO TESLA IN CRASH WITH BIKE",K54weVAYiEs,0:00:19
BAD DRIVER CAUGHT ON TESLACAM,lmT64ux85VM,0:00:24
"$1,500 TESLA CRASH",5EI4H8fzVV8,0:00:25
WOMAN LIED ABOUT CRASHING INTO A TESLA,Ktz_2kEKYXU,0:00:39
TESLA SENTRY MODE CAUGHT HIT AND RUN CRASH,uqxb9rfp9VA,0:00:46
TESLA SENTRY MODE CAUGHT HIT AND RUN CRASH,YJcIvz_eys0,0:00:31
CAR FLIPS OVER IN CRASH CAUGHT ON TESLACAM,dIRlvJVgGwY,0:09:24
TESLA VS AUDI ROAD RAGE,TfGszXFKZYY,0:00:47
CAMARO ON THE RUN,eR9Kr-Z0uDA,0:00:25
Tesla VS Worlds Fastest Bicycle,g28_J-Fy2hI,0:00:52
INSTANT POLICE KARMA CAUGHT ON TESLACAM,L_bJsbiE9y4,0:00:22
Tesla Road Rage Attack,NVHlmXHCzRE,0:01:00
"FEDEX TRUCK CAUSE $3,000 DAMAGE TO TESLA",je-2A19AnYk,0:00:49
TESLA TOTALED BY UNINSURED TEENAGE DRIVER,Q021AUGfao8,0:11:12
TESLACAM VS MILITARY BLACK HAWK HELICOPTER,uLynaySSPhM,0:00:41
EXTREMELY CLOSE CALL: FREAK ACCIDENT,ciupq_IUrNk,0:00:33
DRIVER CRASHES INTO SEVERAL VEHICLES,ymyxJ03mKwo,0:00:39
SEMI TRUCK FLIPS OVER,m-FXz5LMSXo,0:00:20
JAYWALKING IN FRONT OF THE POLICE,YfX45hzbG4Y,0:00:14
TESLA CRASH WITH BOAT,31ADLFTFL0g,0:00:31
TESLACAM FOOTAGE HELPED THE POLICE IN CAR CRASH,H493GbCOj3I,0:00:44
TESLA MODEL 3 TOTALED IN CRASH,r5sprGbuzX0,0:00:28
TESLA AUTOPILOT ENGAGES EMERGENCY BRAKING IN CRASH,F94gFrOjQTA,0:11:19
PICKUP ROLLS COAL ON TESLA,gddn_somdDw,0:00:22
TESLA T-BONED IN CRASH,8skw827DHr0,0:00:23
TESLACAM FOOTAGE HELPED UBER DRIVER IN CRASH,mBX7yhUqcJk,0:00:33
Tesla Owner Put A VERY Special Sticker On His Car,jz6bVLHVzqc,0:01:00
Tesla's Built-In Surveillance Cameras Sees Everything,_Z4u16GRZa4,0:00:19
HIGHWAY CRASH CAUGHT ON TESLA DASH CAM,mjhyKXcDekI,0:00:46
Tesla Owners Rushes To Manage The Scene Of An Extreme Crash,Te3KkwOFFeU,0:00:49
CAR GOES AIRBORNE IN CRASH,cp6sdyguCho,0:00:26
INSANE CRASH FOOTAGE CAPTURED BY TWO TESLAS,6XkIr8Hv6Zo,0:13:03
SHOPPING CART VS TESLA,Uc4m1385iNg,0:00:21
TESLA REAR ENDED BY HONDA,OawywrMsxLk,0:00:16
TESLA VS TESLA,Jno9jz2GBZA,0:00:24
DRIVER CRASH INTO A POLE,aYL3OqBIEyo,0:00:32
Tesla Was NOT At Fault In This Crash,Yvnqja7RZGU,0:00:53
EXTREMELY BAD VOLKSWAGEN DRIVER,k9Cnnt1MvIs,0:00:21
CAR BLOWS UP IN FRONT OF TESLA,IOZxLDI_TtQ,0:00:29
TESLA AUTOPILOT AVOIDS CRASH,qDk1EkqbCps,0:00:44
TEENAGE DRIVER TOTALS TESLA IN CRASH,fHWZjg3Pv_U,0:11:18
TESLA VS ANIMALS ON HIGHWAY,fTzpaQ2Bd1A,0:00:25
TESLA AVOIDS CRASH,vXL_Abx2OsQ,0:00:36
"$50,000 TESLA CRASH",ul2fapJgVSY,0:00:57
Man Attacks Wrongly Parked Truck With A Hammer,fL9D4jAxEkc,0:00:44
33(!) Tesla Sentry mode events and a complimentary car wash,3vQThJb3w9Y,0:01:00
"$1,976 ROAD DEBRIS",ZLqYvV3WPAc,0:00:48
UNLUCKY CAR OWNER,WaB3nYZe8AM,0:00:35
TESLA FREAK ACCIDENT CAUGHT ON CAMERA,WE45PyWwx1M,0:11:28
PICKUP TRUCK WRECKS A TESLA,bejlT7Gmgoo,0:00:55
THIEF BREAKS INTO TESLA,OLJWKB-S1WU,0:00:24
EPIC DRIFT,5mk6hYzgDwU,0:00:18
DRIVER CUTS DOWN TREE IN CRASH,FbGrJOGnW7E,0:00:32
TOP 25: BIGGEST TESLA CRASHES,W_rNjciCtwI,0:28:28
TESLA REAR-ENDED IN CRASH,RUnVTEa93Qo,0:00:31
JEEP VS SEMI TUCK,ODY5JD8SGJw,0:00:24
FIRST EVER TESLA CYBERTRUCK VIDEO ON WHAM BAAM TESLACAM,_0K69Zvn0-I,0:00:27
SECRET TESLA FOOTAGE PROVES PICKUP DRIVER LIED IN CRASH,UTmdf41o580,0:14:20
TESLA HIT ICEBERG ON THE GERMAN AUTOBAHN,tFg2waFaITc,0:00:59
THE TRACK IS ALWAYS LIT,OVOs-MS6hZc,0:00:19
STREET RACING GONE WRONG,8GZ6B6cTlEA,0:00:45
OFF-ROADING IN A TESLA MODEL Y,rzDOpwJxhUg,0:00:50
A WELL-TIMED WITNESS AND A CONVENIENT COP,GJXju8UCMng,0:01:00
TESLA OWNER ROBBED IN HER CAR,qjNzRce2EZo,0:02:27
TESLA DRIVER ESCAPES ROAD RAGE ATTACK,MMjDS7rEbhI,0:01:00
TESLACAM FOOTAGE USED AS EVIDENCE IN CRASH,tET0DxjakXc,0:00:23
3-HOUR-OLD TESLA TOTALED ON HIGHWAY BY WRONG WAY DRIVER,U851xxKXBPg,0:14:29
HONDA FLIPS UP ON TWO WHEELS,QKb6RNLATVw,0:00:53
VICIOUS ATTACK ON TESLA,t4NW5zI7bxg,0:00:38
NISSAN SKYLINE R34 CRASH INTO TESLA,Mr1nfAqzDnQ,0:00:43
SHOPPING CART ATTACKS CARS,1bpjjvB1VEw,0:00:24
TESLA AUTOPILOT TRIGGERS ROAD RAGE,t1WLT96aygo,0:00:26
INSTANT KARMA,6hGGjgxJxSc,0:00:40
TESLA HATER CAUSE $9000 IN DAMAGE,cQtFquyveug,0:14:05
TESLA DRIVER AT FAULT IN CRASH,DoAWIVGiLf0,0:00:28
TESLA T-BONED BY SUV,IgpU7lZhiQ8,0:00:54
CAR FLIPS OVER IN CRASH,IlDzCV9k2hI,0:00:15
ANGRY MAN SPITS ON TESLA,QvovbYnmmD0,0:00:28
TESLA SMOKES TWO DUCATIS,vgJha1kp5PM,0:00:31
THEFT CAUGHT ON TESLA SENTRY MODE,J1Aer6bRVHE,0:00:19
TESLA CRASH; WRONG PLACE AT THE WRONG TIME,hWNG5_T5VzE,0:11:47
"FORD F-150 CAUSE $9,000 DAMAGE TO TESLA",XffKFhvRdZk,0:00:30
CAR CRASH INTO RESTAURANT,dxoKb2Y8AN0,0:00:17
"$9,500 DAMAGE TO TESLA",m3IMCLkpmVE,0:00:43
DIESEL TRUCK VS TESLA ATTACK,kd0zYJDUOx4,0:00:21
WHO WAS AT FAULT IN THIS CRASH?,PiYU7cDou0k,0:00:32
CAR CRASH CAUGHT ON TESLACAM,yyNo6cWYPpk,0:00:14
TESLA VS EXCAVATOR CRASH,7sWL7IKVL7Q,0:13:20
"$7,000 DAMAGE TO TESLA",6_1l_9GnhI4,0:00:22
PHONE PRANK GONE WRONG,tlzO8yJz0TM,0:00:29
THE WORST PLACE FOR YOUR DOG TO TAKE A POOP,0rci81FLkEU,0:00:30
DRIVER FALLS ASLEEP AND TOTALS A TESLA,Mi72RQ5O1JM,0:11:01
TESLA MODEL Y CRASH,oHiNhcP-Ckw,0:00:20
"HONDA ""KISSED"" A TESLA",FeWw2Rl2zo8,0:00:22
MOWING THE HIGHWAY,awA2pO2_hM4,0:00:09
INVISIBLE ATTACK,gY49tf0mk14,0:00:08
NEIGHBOR UNPLUGS TESLA,M-BwePvwsq8,0:00:28
CRASHING INTO TESLA IS AN EXPENSIVE MISTAKE,zUFMC97cGIw,0:13:59
MYSTERY VEHICLE SPOTTED BY TESLA,L-8yDcU4U5g,0:00:19
ROLLOVER CRASH,oWKtkEhkPac,0:00:17
FORD F-150 VS TESLA,4MmgE-9yrLE,0:00:34
HIGH SPEED CRASH CAUGHT ON TESLACAM,MatoiVjHjhI,0:11:02
TESLA MODEL 3 CRASH,l8sSFODORzs,0:00:23
TESLA AIN'T HORSING AROUND,qwyhs0Dz9Gw,0:00:21
TESLA MODEL 3 CRASH,K5dAxbvuyrQ,0:00:18
Van Catches Fire While Driving,3FHutkQdI24,0:00:19
"AMAZON DRIVER CAUSE $13,000 DAMAGE TO TESLA",epS0j8Zm2n8,0:00:26
TESLA IS INCHES AWAY FROM CRASH,KXscJCXjoD0,0:00:10
INSANE 30 CAR PILE-UP CRASH CAUGHT ON TESLACAM,wsgFEXV-buI,0:15:33
TESLA CAUGHT TRUCK TROUBLE,Ch7Q82Io2Hc,0:00:14
"Tesla driver chickens out, biker shows how it's done!",N7dJgduOo5A,0:00:42
TESLA MODEL 3 TOTALED IN CRASH,ckiyl-BaFlI,0:00:51
TESLA VS WOMAN DRESSED IN BLACK,3wDuVKctcOo,0:00:24
"$70,000 TESLA CRASHED",WWJ6NiNncx4,0:00:59
TESLA AUTOPILOT VS EXTREMELY BAD DRIVER,2-Oxtnh6noA,0:11:07
EXTREME TESLA CRASH,xlnVseqfJLw,0:00:47
TESLA VS SEMI TRUCK,VUKTDeckpu8,0:00:26
SHOPPING CART CRASH INTO TESLA,zF_ynn55hQA,0:00:26
100MPH ON 3 WHEELS,12rs4MNH8vE,0:00:20
"$8,000 DAMAGE TO 1.5-HOUR-OLD TESLA",TrtR8t9yNDQ,0:00:20
SIXTEEN CAMS - WHAM BAAM TESLACAM,oVdRoBZdNtA,0:02:24
TESLA AUTOPILOT CRASH,e7vKi5U85HA,0:00:18
ROLLING COAL ON TESLA,7gZNc43T4Ac,0:00:23
CUSTOM WRAP,whM-VhhbZw4,0:00:25
"POLICE GIVES TESLA DRIVER A TICKET FOR $35,000 CRASH",LAkOZirbyPY,0:17:40
TESLA CAUGHT FREEWAY MADNESS,SPGjHRJKsyg,0:00:20
INSTANT POLICE KARMA,Osh4kVhOdOk,0:00:17
TESLA AUTOPILOT REACTS IN CRASH,o3LBkMwuuuI,0:00:28
CORVETTE DRIVER KEYS A TESLA,RB-ARvWD3mk,0:00:28
"Road Rage Cause $70,000 Damage On Tesla",04nSe4tzwuo,0:00:45
Angry Tesla Hater Caught On Camera,AwL0ash4pPs,0:00:38
INSANE HIGHWAY CRASH CAUGHT ON DASH CAM,WQlgFS8dmOI,0:00:49
"""YOU CAN'T PARK YOUR TESLA THERE MATE""",kAf18rl3OAU,0:11:24
TESLA TOTALED BY PICKUP TRUCK,oVTwa7HaiwM,0:10:39
TESLA CRASH CAUGHT ON TESLACAM,voHpE0l016o,0:11:58
TESLA OWNER SAVES KITTEN,IJBw6OCEU3k,0:00:26
TESLA TOTALED BY DISTRACTED DRIVER,knu1SX_5sUA,0:11:25
"$6,000 DAMAGE TO TESLA",7IrO0gQ-Dm8,0:00:18
BMW VS BMW CRASH,Jx-MD2FuTTQ,0:00:21
"$100,000 TESLA AUTOPILOT CRASH",_3JJpDlL7h4,0:09:25
COYOTE INSPECTS TESLA,CiN02yU-QEQ,0:00:15
A Case Of The Mondays,EVf7zWmQRHk,0:00:19
TESLA AUTOPILOT SAVED A LITTLE GIRL,bcP6GeklD0Y,0:00:20
IDIOTS IN CARS,EGlV91Xn23w,0:00:21
TESLA FULL SELF DRIVING CRASH,jvO9_zTTsPg,0:13:26
GUY KICKS A TESLA,L-SG1E5LdAo,0:00:48
BMW DRIVER USE THEIR TURN SIGNAL TO CRASH INTO A TESLA,LV9xLKHjl0M,0:10:38
DOG IS LEFT BEHIND,sHpkHNNBpN0,0:00:31
"$65,000 HAIRCUT",iE79DMW8F_Y,0:10:30
DRIVER LOST A WHEEL,mbaiOGu0kv8,0:00:19
TESLA ROAD RAGE GONE WRONG,F3w6uLhphoc,0:00:27
WHY ARE SHOPPING CARTS VANDALIZING TESLAS?,RDSRcLzZS_4,0:16:49
TESLA SMASHED BY SEMI TRUCK ON THE GERMAN AUTOBAHN,2U7TaXmtvFs,0:11:36
TESLA CAUGHT INSANE CAR CRASH,snAFc3HRalA,0:00:40
BIKER DESTROY A TESLA,7Me1Z60mSGw,0:00:21
"TESLA AUTOPILOT REACTS TO IDIOTS IN CARS - 20 CRASHES, FAILS & SAVES",thNR45yV1ao,0:10:35
TOP 20 MOST VIEWED TESLA CAR CRASHES OF 2022,7YcieO1EN3s,0:20:27
TESLA OWNER SAVES THE DAY,6K_4j9EssBY,0:00:17
TESLA HELPED THE POLICE SOLVE THIS CRASH,sV4Yk49Onpw,0:09:57
DISTRACTED WOMAN CRASHES INTO TESLA,Idjq4HdtGUk,0:09:26
TESLA MODEL S CHALLENGED BY MOTORCYCLIST,VwBcP04t3IY,0:00:31
TESLA HATERS GOES TO ATTACK,-XaD435FQtE,0:10:03
FedEx Driver Sees Results From The Gym,5gXt5h0H4pM,0:00:16
KID HITS TESLA WITH A HAMMER,-qORkoYgvuA,0:00:34
KAREN KICKS A TESLA,4t_l_Hf8V0k,0:00:28
TESLA VANDAL CAUGHT ON CAMERA,ZlnM9z14S1A,0:01:39
TESLA ATTACKED WITH A SLINGSHOT,c8o6yn7d4GY,0:00:23
Tesla Thieves And A Getaway Driver,bAWEqF1Bc3Q,0:00:31
IMPATIENT DRIVER TRIGGERS MASS PILEUP,aC2rzN7wfbQ,0:12:43
BUY-REPAIR-FLIP TESLA FOR PROFIT?,q_Ic2zWu9tY,0:00:42
TESLA MODEL Y ATTACKED WITH POOP,0CGbwPuDPN4,0:01:42
TESLA AUTOPILOT SAVED THIS WOMAN'S LIFE,XK9hcl_crf4,0:11:05
TESLA AUTOPILOT IGNORES ALL RULES,Mz3sJvV7wYA,0:00:13
"$7,000 DAMAGE TO TESLA",iazcRC7KKo0,0:00:15
INSANE TESLA MODEL 3 CRASH,vy7hhytLuig,0:14:33
TESLA CAUGHT ELECTRIC EXPLOSION,08Cw_3Wfa9E,0:12:52
ELECTRIC ACTION,1RggyqIubGo,0:00:19
TESLA RECORDS CAR THIEF TRICKING THE POLICE AFTER CRASH,YqhoE1dcpVo,0:10:55
TESLA AUTOPILOT VS ROAD RAGE,kVBcKhkGktQ,0:12:57
"$50,000 DAMAGE TO TESLA",-BKkkeq-lmE,0:00:24
TESLA MODEL 3 CRASHED BY RIVAL,oQtQeNlXnVU,0:12:25
TESLA PRANK GONE WRONG,QEQ5nJI2VYc,0:00:18
TESLA CRUSHED BY SCHOOL BUS,CCkpiofrlG0,0:13:57
CRASHING A TESLA AT A POLICE ROADBLOCK,lIFEpre8uoA,0:15:46
"DOOR DINGING A $80,000 TESLA",7ubRhW7UTZM,0:00:22
THIS GUY KNIFED A TESLA MODEL 3,VFpJUGeEBr8,0:08:17
TESLA ROAD RAGE ATTACK | TESLACAM STORIES 153,ZeceseYOVrc,0:08:46
BAD TRUCK DRIVER CAUSES BIG CRASH | TESLA STORIES 152,K3hiDE52RIA,0:08:05
This guy keyed a Tesla,pr6dpBLxeTk,0:00:37
DOGS CAUSE HIGH SPEED CRASH,jWj7E0P_DE8,0:00:33
"DRIVERLESS CAR TOTALED A $80,000 TESLA | TESLACAM STORIES 151",DwlP5wOEFoM,0:08:08
TESLA AUTOPILOT DIDN'T HAVE A CHANCE TO AVOID THIS CRASH,Kxzxca_k7Sw,0:09:02
HIT & RUN SUSPECT LEAVES LICENSE PLATE BEHIND,a-9Yp-348sw,0:09:07
DRUNK TESLA DRIVER CAUSE EXTREME CRASH,RUeueuYcETM,0:10:59
INSANE FIREWORKS FAILS CAUGHT ON TESLA DASH CAM,eOnmCQ8fk2s,0:00:53
CAR THIEF CRASH BRAND NEW MUSTANG | TESLACAM STORIES 147,Txi_APXfhwM,0:09:55
TESLA OWNER ROBBED WITH A GUN,dI7S0oTlZmA,0:02:10
TOP 25 BIGGEST TESLA CRASHES OF 2022,RT7jv8WVQC0,0:24:57
THIS GUY GOT ARRESTED FOR KEYING A TESLA,vBaS86ndFjE,0:01:36
TESLA AUTOPILOT REACTS IN INCIDENTS,Wx8HBUy1UJc,0:12:34
TORNADO DESTROYS A TESLA | TESLACAM STORIES 145,mZppOErC-a0,0:09:24
"$60,000 TESLA MODEL 3 TOTALED IN CRASH | TESLACAM STORIES 144",pC-jyrEvL6o,0:11:42
TESLA SMASHED BY SEMI TRUCK | TESLACAM STORIES 143,uH0P4C1LiKY,0:10:31
UNMARKED POLICE KARMA | TESLACAM STORIES 142,ZJ5PnprX92Y,0:09:27
SMASHED BY A FLYING BUS WHEEL | TESLACAM STORIES 141,Xvr4wiGGONw,0:11:04
THIS GUY KEYED THE WRONG TESLA,AisTpDhG6yU,0:03:43
FLIPPING BIG RIG CAUGHT ON TESLACAM | TESLA STORIES 140,4mV2qaplT-A,0:11:02
POLICE USE BODY CAM TO CAPTURE CRASH FROM TESLA SCREEN | TESLA STORIES 139,CeqLprr-GwM,0:09:21
TAKEDOWN CRASH | TESLA STORIES 138,wttfmFtCP5k,0:09:12
POLICE OFFICER CRASHES INTO A TESLA MODEL S PLAID | TESLACAM STORIES 137,SPTshNgTBMo,0:09:41
TESLA AUTOPILOT PREDICTS CRASH | TESLACAM STORIES 136,kEI50oSR9Ms,0:12:50
TESLA FSD BETA SAVES DRIVER IN CRASH,C15IYntlmvo,0:10:37
TESLA AUTOPILOT RAMMED BY SEMI TRUCK | TESLACAM STORIES 134,9FmLlhSlJeQ,0:12:45
TESLA HIT AND RUN CRASH | TESLACAM STORIES 133,zmmtuoxYucw,0:11:36
INSANE HIGHWAY CRASH CAUGHT ON TESLA DASH CAM,4W6GvqXJ7mg,0:09:27
"$100,000 TESLA MODEL S CRASH - DASH CAM USED AS EVIDENCE | TESLACAM STORIES 131",txPV2KxR6Hw,0:12:34
WHAM BAAM TESLACAM - 100 000 000 VIEWS TRAILER,5hXzP8QCrG4,0:01:10
TESLA AUTOPILOT VS DRUNK WRONG WAY DRIVER | TESLACAM STORIES 130,-JFisF07VmY,0:09:41
WOMAN HITS TESLA,Na1F-rFseZ0,0:01:19
EXTREME TESLA MODEL 3 CRASH | TESLACAM STORIES 129,E_iFZfyNQlw,0:10:40
"PILE UP CRASH; $35,000 DAMAGE TO TESLA MODEL 3 | TESLACAM STORIES 128",E9bxpn1HVR4,0:09:27
TOP 20 BIGGEST TESLA CRASHES OF 2022,HHnht17uJRI,0:22:09
TESLA MODEL 3 CRASH WITH BOAT | TESLACAM STORIES 127,TfUV2Yr_M9Q,0:10:24
CRASH SENDS CAR FLYING | TESLACAM STORIES 126,9IuNt-a69So,0:10:34
TESLA AUTOPILOT IN EXTREME SITUATIONS | TESLACAM STORIES 125,U3XZ6tf24QE,0:12:03
INSANE ROAD RAGE ATTACK AND NO HELP FROM THE POLICE,BE2pugixTXs,0:04:07
"$70,000 TESLA MODEL 3 TOTALED IN CRASH | TESLACAM STORIES 124",0qQG-DQ650Q,0:13:40
TESLA OWNER HUNTS DOWN CAR THIEF IN SAN FRANCISCO,Vfzr2Fnb5q4,0:05:24
TESLA REAR ENDED IN HIGH SPEED CRASH | TESLACAM STORIES 123,RkEy7AX3iLM,0:15:20
PREGNANT TESLA MODEL 3 DRIVER T-BONED IN CRASH | TESLACAM STORIES 122,mFJFFv9bJ_I,0:14:32
EXTREME TESLA MODEL 3 CRASH | TESLACAM STORIES 121,ecGSJVRCvC4,0:13:06
TESLA OWNERS ON THE FRONT LINES IN UKRAINE,sGAV6L8zl7E,0:08:39
TESLA AUTOPILOT DETECTS CRASH | TESLACAM STORIES 120,ztUZWSG9asc,0:15:53
DRUNK WRONG WAY DRIVER CRASH INTO TESLA | TESLACAM STORIES 119,5w6enpN_Ons,0:13:27
INSANE TESLA MODEL Y CRASH VIDEO | TESLACAM STORIES 118,9H2Ion6Ue3s,0:12:12
"ROAD RAGE ATTACK CAUSE $150,000 DAMAGE ON TESLA MODEL S PLAID | TESLACAM STORIES 117",c3YrSZcusUs,0:13:04
TESLA AUTOPILOT VS BAD DRIVERS 2022 - 20 CRASHES FAILS & SAVES | TESLACAM STORIES 116,rNqVO4E_oc8,0:13:19
CON ARTISTS CAUGHT STEALING FROM TESLA | TESLACAM STORIES 115,ojU66krutns,0:10:33
HELD AT GUNPOINT BY CONFUSING COP | TESLACAM STORIES 114,GqnazPye4zU,0:14:50
TESLA ROAD RAGE & EXTREME REAR END CRASH | TESLACAM STORIES 113,tqzs97v4b9g,0:15:18
CRASH SENDS SUV ROLLING INTO TESLA MODEL 3 | TESLACAM STORIES 112,7a8lRHjqMIs,0:10:51
TESLA MODEL S CRASHED BY INATTENTIVE DRIVER | TESLACAM STORIES 111,z22fFIQXHFk,0:11:15
TOP 8: ULTIMATE TESLA ROAD RAGE & CRASHES - TESLACAM REWIND 2021,U6GyvEHJK4o,0:33:47
INCREDIBLE TESLA AUTOPILOT MANEUVER DURING CRASH | TESLACAM STORIES 110,b4VibPdJac8,0:14:19
TESLA'S BIGGEST PROBLEM: HONDA DRIVERS,TM_jfxrShrw,0:32:26
STOLEN TOW TRUCK VS POLICE CARS | TESLACAM STORIES 109,SmzIXFIGb_4,0:13:57
Tesla Road Rage,Fhxgc74nxpA,0:00:35
ROAD RAGE ATTACK | TESLACAM STORIES 108,_fMOT2FHQYc,0:13:27
TESLA IN EXTREME CRASH ON GERMAN AUTOBAHN | TESLACAM STORIES 107,BV0E9ZW7R9M,0:12:52
TESLA MODEL 3 AIRBORNE IN CRASH | TESLACAM STORIES 106,PN5z7h2kDUA,0:12:35
TESLA MODEL 3 VS RECKLESS DRIVER | TESLACAM STORIES 105,XouzSWKtdkk,0:12:28
"$150,000 TESLA MODEL S PLAID TOTALED IN CRASH | TESLACAM STORIES 104",IyKYUbiVFgc,0:15:41
INSANE TESLA MODEL 3 CRASH VIDEO | TESLACAM STORIES 103,6z5c6kmluqo,0:12:02
TESLA CAUGHT EMERGENCY LANDING ON HIGHWAY | TESLACAM STORIES 102,bnfIQv6IEIY,0:10:45
TESLA PROVES INNOCENCE IN CRASH | TESLACAM STORIES 101,8rTml11LMzY,0:12:58
TOP 50 MOST VIEWED TESLA VIDEOS OF ALL TIME!,zZIh6B4bZ1s,0:53:11
TESLA OWNER SAVES DRIVER FROM BURNING RV | TESLACAM STORIES 100,okj2SdV6vDE,0:13:21
TESLA AUTOPILOT REACTS TO EXTREME SITUATION | TESLACAM STORIES #99,tV_ILyEIDq4,0:12:36
ULTIMATE ROLLING COAL ON TESLA COMPILATION | TESLACAM STORIES #98,sgT1Sjo6u34,0:10:41
"MASSIVE $49,000 TESLA CRASH | TESLACAM STORIES #97",NjVe23uCV1I,0:14:07
CRASH SENDS PICKUP TRUCK FLYING | TESLACAM STORIES #96,O1x3gIvYm0s,0:12:22
INSANE HIGH SPEED CRASH INTO A CAR CARRIER | TESLACAM STORIES #95,4rH1_HnAcGU,0:12:43
INSANE ROAD RAGE WITH ROLLING COAL ATTACKS,rb9e6vbVlCQ,0:05:53
TESLA AUTOPILOT VS SUV CRASH | TESLACAM STORIES #94,llldGE5JXCM,0:11:24
ROAD RAGE GONE VIRAL,tG7En3tFA3s,0:03:23
"TESLA T-BONED: $70,000 IN DAMAGE | TESLACAM STORIES #93",jf5_fPlvivc,0:12:07
TESLA AUTOPILOT REAR ENDS A HONDA - 20 FAILS & SAVES | TESLACAM STORIES #92,D-vg_mpn6Us,0:13:01
TESLA CRASH | TESLACAM STORIES #91,xfq6lKfOG8A,0:10:22
SEMI HITS TESLA ON AUTOPILOT | TESLACAM STORIES #90,A5GePY23FxI,0:15:07
"MASSIVE PILEUP CAUSES $55,000 IN DAMAGE TO TESLA MODEL 3 | TESLACAM STORIES #89",hvgefHS6Oeg,0:10:01
"EXTREME $50,000 DAMAGE TO TESLA IN CRASH WITH TRUCK | TESLACAM STORIES #88",li6E26PjgD0,0:11:52
"INSANE ROAD RAGE ATTACK CAUSE $45,000 DAMAGE ON TESLA MODEL X",Xd_pNVy_Mss,0:04:14
TESLA TRAPPED IN THE EYE OF A TORNADO | TESLACAM STORIES #87,A546g6yrZkk,0:10:35
TESLA CAUSE EXTREME CRASH | TESLACAM STORIES #86,FjABQQR1Xbc,0:11:21
INSANE TESLA POLICE CHASE,gxB_0UiiB2M,0:03:15
DRIVER FLIPS VEHICLE OVER INTERSTATE MEDIAN | TESLACAM STORIES #85,rBRVpGVcZuw,0:10:33
"TESLA AUTOPILOT SAVES, FAILS AND CRASHES 2021 | TESLACAM STORIES #84",q0_eKr8jnNo,0:14:01
TESLA OWNER SAVES BMW DRIVER SECONDS BEFORE CAR EXPLODES,OGanf4hcyWc,0:02:48
"TESLA VS IDIOTS IN CARS, BAD DRIVERS & CAR CRASHES | TESLACAM STORIES #83",MWo6Btb7PD8,0:11:02
TESLA CAUGHT IN THE MIDDLE OF A FIREWORKS SHOW GONE WRONG | TESLACAM STORIES #82,jI6ih5oeIOQ,0:10:11
"BEST OF WHAM BAAM TESLACAM - TOP 50 CRASH, FAIL, ROAD RAGE & TESLA AUTOPILOT VIDEOS - 1 HOUR",yLesKGHG_Qo,0:57:33
TESLA CAUGHT LIGHTNING STRIKE | TESLACAM STORIES #81,SbX8lAmsnKg,0:13:57
"TESLA OWNERS VS BAD DRIVERS - 20 CRASHES, FAILS & FUNNY MOMENTS | TESLACAM STORIES #80",cS2XjrAyMog,0:12:04
TESLA MODEL 3 T-BONED | TESLACAM STORIES #79,L9psIz2JBf8,0:12:44
TESLA MODEL X SMASHED BETWEEN TWO TRUCKS - AIRBAGS DIDN'T DEPLOY,Y-mPst72XKY,0:03:54
STREET RACING CORVETTE CUTS DOWN TREE IN CRASH | TESLACAM STORIES #78,NXGPBNoYL58,0:12:09
TESLA AUTOPILOT CRASH | TESLACAM STORIES #77,8fnK2qbsVdA,0:13:53
DRUNK DRIVER CAUSE MASSIVE CRASH ON CALIFORNIA HIGHWAY | TESLACAM STORIES #76,qpd4ThVm7Yc,0:12:06
TOP 5: ULTIMATE ROAD RAGE,B6_HFTvANbw,0:08:20
TESLA ROAD RAGE ATTACKS CAUGHT ON CAMERA | TESLACAM STORIES #74,fbeZTHJ_ROA,0:11:24
TESLA AUTOPILOT CRASHES & SAVES | TESLACAM STORIES #73,krKkuIEMXHI,0:12:04
"TESLA AUTOPILOT VS IDIOTS IN CARS - 15 CRASHES, FAILS & SAVES | TESLACAM STORIES #72",815fsWXerIg,0:12:47
TAXI WEDGED INTO TESLA IN BIG SHANGHAI CRASH | TESLACAM STORIES #71,iTEqRYxGtKM,0:10:19
TESLA: TOP 10 CAR WRECKS,VNxF93vlTkU,0:12:44
TESLA OWNER BROKE HIS ARM IN CRASH | TESLACAM STORIES #70,2odK1klbkKQ,0:18:41
TESLA MODEL 3 HIT BY FLYING PLYWOOD | TESLACAM STORIES #69,6NDlfPqn9lc,0:10:13
TESLA VS SEMI TRUCK TIRE | TESLACAM STORIES #68,JYoT1GaY_hQ,0:16:25
"HONDA ON TWO WHEELS CAUSE $52,000 DAMAGE TO A TESLA | TESLACAM STORIES #67",gwnSabLpXZY,0:14:32
HYDROPLANE CRASH & BAD DRIVERS | TESLACAM STORIES #66,kGycVuUjM8g,0:15:26
DRIFTING FAIL - MUSTANG CRASHES INTO A TESLA | TESLACAM STORIES #65,bH0XfypIbtI,0:16:17
INSANE POLICE PURSUIT TAKEDOWN | TESLACAM STORIES #64,IHcjGYnZrK4,0:12:55
"TESLA AUTOPILOT VS BAD DRIVERS - 25 CRASHES, FAILS & SAVES | TESLACAM STORIES #63",QZ7vziuw420,0:17:12
TOP 10 BIGGEST TESLA CAR CRASHES OF 2021,Y680-uYI01I,0:12:29
THIS GUY LOVES TESLAS | TESLACAM STORIES #62,df2tWyPS3rE,0:08:44
SUV VS SEMI TRUCK CRASH | TESLACAM STORIES #61,Nsfigc1COdU,0:09:39
TESLA MODEL X CRASH | TESLACAM STORIES #60,lUZI7DqisOM,0:19:07
TESLA WINTER CAR CRASH COMPILATION | TESLACAM STORIES #59,8kdUyBQ4yD4,0:13:01
Cars Catching Fire While Driving,241g2admMZI,0:06:07
TESLA VS SUPERCARS STREET RACING | TESLACAM STORIES #58,JdVyHVfQka8,0:11:45
Valet Driver Crash A Tesla Through A Wall: Blames Autopilot,ukxaG3DzEpw,0:05:16
TESLA & FOX NEWS VAN STUMBLE UPON GUY WITH SEMI AUTOMATIC RIFLE | TESLACAM STORIES #57,rKUR0qi5JIQ,0:13:52
WHAM BAAM TESLACAM,gMU2OdwhsXM,0:00:37
TESLA IN THE SUPERCAR PARADISE DUBAI | TESLACAM STORY #3,ioiR2Qj1zxA,0:03:10
WHAM BAAM INTRO MEDLEY,PCRDEZyEE5Q,0:02:59
TESLA HATE AND LOVE CAUGHT ON DASHCAM | TESLACAM STORIES #56,c5bsXqM4cRI,0:16:12
BMW VS TESLA CRASH | TESLACAM STORY #2,wgRah9W-mWs,0:03:09
TESLA ATTACKED BY ROAD RAGE AND ALMOST SENT TO JAIL FOR SOMETHING HE DIDN'T DO | TESLACAM STORY #1,Dxj-uER0clc,0:05:02
TESLA CRASHES; TESLACAM VIDEO NOW EVIDENCE IN COURT | TESLACAM STORIES #55,ylB5mGPJTes,0:19:01
TESLA MODEL 3 PERFORMANCE TOTALLED | TESLACAM STORIES #54,3Lm6YsttxJA,0:12:47
HONDA SMASHES INTO STOPPED CARS AT FULL SPEED | TESLACAM STORIES #53,FnCv6XYw1h0,0:13:50
TESLA AVOIDS DOG AND ENDS UP IN MASSIVE CAR CRASH | TESLACAM STORIES #52,HGspLQ-80gI,0:14:36
"TESLA SHOOTING, CRASHES AND THE JOE ROGAN EXPERIENCE | TESLACAM STORIES #51",gGfUWAMytZ4,0:11:01
TESLA OWNER SAVES WOMAN WHO IS EJECTED FROM CAR CRASH | TESLACAM STORIES #50,yDpDEP_tdug,0:24:28
TESLA CHINA CRASHES AND ACCIDENTS | TESLACAM STORIES #49,_h7QC0fW4hk,0:12:06
DODGE CHALLENGER RACES A TESLA AND ENDS IN MASSIVE CAR CRASH | TESLACAM STORIES #48,0iCzBMFAxhE,0:16:48
CRIMINAL CRASHES A TESLA MODEL Y - SUSPECT AT LARGE | TESLACAM STORIES #47,W1cjTOBvc6k,0:12:05
DRUNK DRIVER CRASHES A TESLA MODEL Y | TESLACAM STORIES #46,J2sepmzQkNY,0:13:16
TESLA SENTRY MODE THEFTS AND FUNNY MOMENTS 2021 | TESLACAM STORIES #45,HsI2hzW_9to,0:13:02
TOP 20 TESLACAM AND SENTRY MODE VIDEOS | TESLACAM STORIES #REWIND,2IyecB6svSo,0:17:26
TESLA TOTALED IN CRASH | TESLACAM STORIES #44,Q-9HHbS2PfI,0:13:08
TESLA ON AUTOPILOT IN BIG CRASH WITH A SEMI TRUCK | TESLACAM STORIES #43,-aTAIO7NNjc,0:12:23
PICKUP TRUCK HITS BIG JUMP AT HIGHWAY SPEED | TESLACAM STORIES #42,bFTW8LKFPdU,0:11:19
TESLA + SNOW = CRASHES | TESLACAM STORIES #41,AGZLLDDPCq8,0:09:50
THE WORST DRIVERS IN THE WORLD | TESLACAM STORIES #40,H8NppnLsZsA,0:08:03
TESLA ATTACKED BY BIRDS | TESLACAM STORIES #39,vyRktqGeCI8,0:08:33
TESLA SENTRY MODE LASER | TESLACAM STORIES #38,C7j6CJWarRE,0:10:14
TESLA MODEL 3 CRASH | TESLACAM STORIES #37,1kXnwBUgrQU,0:09:27
TESLA ATTACKED | TESLACAM STORIES #36,sTM2woxbnyE,0:08:35
TESLA CRASH | TESLACAM STORIES #35,VK1sYZCT7kU,0:10:40
PULLS OUT GUN IN ROAD RAGE | TESLACAM STORIES #34,vJFb4YAJvYk,0:09:38
TESLA MODEL Y SENDS PICKUP FLYING | TESLACAM STORIES #33,ih-GUz8rmLg,0:10:03
THIEVES CAUGHT ON TESLA SENTRY MODE | TESLACAM STORIES #32,fBhqtGfyjI8,0:08:02
TESLA NEAR MISS - PART 2 | TESLACAM STORIES #31,A9j41pkwc1I,0:08:03
TESLA NEAR MISS | TESLACAM STORIES #30,wTS-OF_zrZ8,0:08:04
BEST TESLA SENTRY MODE VIDEOS OF 2020 | TESLACAM STORIES #29,za_K0IE0w4E,0:08:02
TESLA MODEL X CAR CRASH CAUGHT ON DASH CAM | TESLACAM STORIES #28,Bh4ZhDQe2uQ,0:08:03
ULTIMATE TESLA CAR CRASH COMPILATION USA 2020 | TESLACAM STORIES #27,3eaD4rUol0k,0:12:28
TESLA DRIVER HELPS WOMAN OUT OF A CAR WRECK AFTER CAR CRASH | TESLACAM STORIES #26,r8gjb0_MCcY,0:10:11
TESLA VS TESLA ROAD RAGE  NORWAY SPECIAL | TESLACAM STORIES #25,QAiZKV6SgAk,0:08:08
WOMAN KNIFES A TESLA MODEL Y - SENTRY MODE GOT HER ARRESTED | TESLACAM STORIES #24,T5lDb0dQ1xY,0:10:08
TESLA MODEL X CRASH AND AUTOPILOT FAIL | TESLACAM STORIES #23,fs2ZT-4Wi1k,0:05:15
Tesla Sentry Mode Caught: Tesla thief or Tesla admirer?,kxpSJSFPDS0,0:01:44
DRUNK DRIVER CRASHES INTO A TESLA | TESLACAM STORIES #22,xxIpJlyQ2ls,0:08:38
TOP 3: Best Animal Teslacam and Sentry Mode Video 2020,m5e04JjLTXs,0:03:21
THE CYBERTRUCK SONG,7FvmslmB6ZI,0:00:29
BIKER CRASHES IN TO A TESLA MODEL 3 | TESLACAM STORIES #21,4wCKmJqbMdQ,0:06:20
TESLA MODEL Y IN MASS CAR CRASH IN USA | TESLACAM STORIES #20,kNA6jP5-iws,0:04:53
TESLA CAUGHT TRUCK CRASH | TESLACAM STORIES #19,LzW7r4PemrE,0:05:21
SCHOOL BUS CRASH AND ROAD RAGE | TESLACAM STORIES #18,CHJ61cOGMV4,0:05:13
TESLA SENTRY MODE SHOW AND INSTANT KARMA | TESLACAM STORIES #17,jyUzh_s6cCA,0:10:12
TESLA AUTOPILOT PREDICTS CRASH COMPILATION | TESLACAM STORIES #16,HSeIOg4SyOg,0:04:58
Cyclist rushed to the hospital in a Tesla Model 3 after a scary crash | TESLACAM STORIES #15,Ruv3H0LU4Rw,0:09:05
Tesla Model 3 hit by cyclist caught on Sentry Mode video | TESLACAM STORIES #14,mkS5NnDzccs,0:05:06
Tesla love caught on Tesla Sentry Mode | TESLACAM STORIES #13,dxLv1q4klV8,0:06:11
TESLA MODEL 3 SENTRY MODE VIDEOS | TESLACAM STORIES #8,rRnEJyou9s4,0:04:28
TESLA VS IDIOTS IN CARS,7rw3MJYxQI0,0:04:24
Tesla Model 3 on Autopilot avoids CRASH | TESLACAM STORIES #5,ZebkknqGkxE,0:04:01
Tesla Model 3 caught CRASH compilation USA | TESLACAM STORIES #4,gJ0Ek9RwORs,0:04:02
ROLLING COAL ON TESLA | TESLACAM STORIES #3,WdJFibNne4Q,0:04:45
ROAD RAGE ON TESLA | TESLACAM STORIES #2,iIoOnr6Rp30,0:03:32
Tesla Model 3 on Autopilot squeezed between two semi trucks | TESLACAM STORIES #1,4_0Qd6LAXSs,0:03:11
Tesla Model 3 hit by Chevrolet Camaro with HUGE spoiler | TESLACAM STORIES #12,6uF4gFvnF7Y,0:04:45
Tesla Sentry Mode caught truck CRASH a parked Tesla Model 3 | TESLACAM STORIES #11,EAzpPGNwZjA,0:04:29
Tesla Dash Cam moments from Sweden | TESLACAM STORIES #10,VirFBv5n0eQ,0:04:35
ROAD RAGE AND MOTORCYCLE CRASH AMERICA | TESLACAM STORIES #7,8tQoYcaV0L8,0:05:32
Tesla Sentry Mode theft compilation | TESLACAM STORIES #9,CrOxqLW0o1Y,0:05:42
Why Tesla Model 3 and electric cars needs an external Pedestrian Warning Speaker (PWS),VECiwJqERu8,0:01:11
Dash Cam caught dangerous overtake and near miss - Captured in Sweden by Teslacam,R2KK41tOEr8,0:00:59
Instant karma by a convenient cop captured by a Tesla Model 3,I4vA1VSQhr8,0:00:48
Guy is peeing with a unique style in front of a parked Tesla Model 3 with Sentry Mode activated,G3mybWm4PRw,0:01:22
How to setup Tesla Dashcam and Tesla Sentry Mode on Tesla Model 3 / Tesla Model Y,HX5-ciXZ7dg,0:04:21
How to wash a Tesla Model 3 - The UNTOLD truth about Tesla owners,7Ml5Qd0qo4E,0:03:48
Tesla Model 3 TeslaCam captures Reckless driver in Stockholm #shorts,7vTfaUL2cr4,0:00:40
